GP,JOHANNESBURG,-26,-11,-31,28,0,26,2628AA,702,702,"A talk radio station based in Johannesburg, Gauteng. It is known for its news, current affairs, and talk shows. The station provides in-depth coverage of local and international news, offering listeners a platform for discussions and debates on various topics.",92.700,52
GP,PRETORIA,-25,-41,-21,27,59,2,2527DB,702,702,"A talk radio station based in Johannesburg, Gauteng. It is known for its news, current affairs, and talk shows. The station provides in-depth coverage of local and international news, offering listeners a platform for discussions and debates on various topics.",106.000,185
WC,TYGERBERG,-33,-52,-31,18,35,44,3318DC,786,786,,100.400,129
NC,AGGENEYS BLACK MOUNTAIN 1,-29,-14,-3,18,57,15,2918BB,2000,Radio-2000,"A South African radio station that broadcasts a mix of music, news, and talk shows. It focuses on delivering contemporary music and content that appeals to a broad audience. The station is known for its diverse programming and engaging content.",99.300,118
NC,ALEXANDER BAY,-28,-36,-39,16,29,55,2816CB,2000,Radio-2000,"A South African radio station that broadcasts a mix of music, news, and talk shows. It focuses on delivering contemporary music and content that appeals to a broad audience. The station is known for its diverse programming and engaging content.",98.700,112
FS,BETHLEHEM,-28,-14,-10,28,29,58,2828AB,2000,Radio-2000,"A South African radio station that broadcasts a mix of music, news, and talk shows. It focuses on delivering contemporary music and content that appeals to a broad audience. The station is known for its diverse programming and engaging content.",98.400,109
FS,BLOEMFONTEIN,-29,-6,-4,26,13,44,2926AA,2000,Radio-2000,"A South African radio station that broadcasts a mix of music, news, and talk shows. It focuses on delivering contemporary music and content that appeals to a broad audience. The station is known for its diverse programming and engaging content.",99.500,120
EC,BUTTERWORTH,-32,-16,-35,28,12,24,3228AC,2000,Radio-2000,"A South African radio station that broadcasts a mix of music, news, and talk shows. It focuses on delivering contemporary music and content that appeals to a broad audience. The station is known for its diverse programming and engaging content.",97.600,101
WC,CALEDON,-34,-13,-3,19,25,32,3419AB,2000,Radio-2000,"A South African radio station that broadcasts a mix of music, news, and talk shows. It focuses on delivering contemporary music and content that appeals to a broad audience. The station is known for its diverse programming and engaging content.",100.400,129
NC,CALVINIA,-31,-27,-3,19,46,34,3119BD,2000,Radio-2000,"A South African radio station that broadcasts a mix of music, news, and talk shows. It focuses on delivering contemporary music and content that appeals to a broad audience. The station is known for its diverse programming and engaging content.",89.000,15
WC,CAPE TOWN,-34,-3,-18,18,23,11,3418AB,2000,Radio-2000,"A South African radio station that broadcasts a mix of music, news, and talk shows. It focuses on delivering contemporary music and content that appeals to a broad audience. The station is known for its diverse programming and engaging content.",98.600,111
WC,CERES,-33,-15,-13,19,27,32,3319AD,2000,Radio-2000,"A South African radio station that broadcasts a mix of music, news, and talk shows. It focuses on delivering contemporary music and content that appeals to a broad audience. The station is known for its diverse programming and engaging content.",100.200,127
NW,CHRISTIANA,-27,-53,-48,25,10,24,2725CC,2000,Radio-2000,"A South African radio station that broadcasts a mix of music, news, and talk shows. It focuses on delivering contemporary music and content that appeals to a broad audience. The station is known for its diverse programming and engaging content.",100.100,126
EC,CRADOCK,-32,-9,-51,25,37,49,3225BA,2000,Radio-2000,"A South African radio station that broadcasts a mix of music, news, and talk shows. It focuses on delivering contemporary music and content that appeals to a broad audience. The station is known for its diverse programming and engaging content.",99.200,117
MP,DAVEL,-26,-27,-30,29,37,26,2629BC,2000,Radio-2000,"A South African radio station that broadcasts a mix of music, news, and talk shows. It focuses on delivering contemporary music and content that appeals to a broad audience. The station is known for its diverse programming and engaging content.",100.000,125
NC,DE AAR,-30,-38,-40,24,1,23,3024CA,2000,Radio-2000,"A South African radio station that broadcasts a mix of music, news, and talk shows. It focuses on delivering contemporary music and content that appeals to a broad audience. The station is known for its diverse programming and engaging content.",98.500,110
KN,DONNYBROOK,-29,-54,-56,29,51,19,2929DD,2000,Radio-2000,"A South African radio station that broadcasts a mix of music, news, and talk shows. It focuses on delivering contemporary music and content that appeals to a broad audience. The station is known for its diverse programming and engaging content.",99.200,117
KN,DURBAN,-29,-46,-12,30,43,0,2930DC,2000,Radio-2000,"A South African radio station that broadcasts a mix of music, news, and talk shows. It focuses on delivering contemporary music and content that appeals to a broad audience. The station is known for its diverse programming and engaging content.",97.300,98
KN,DURBAN NORTH,-29,-45,-52,31,2,24,2931CC,2000,Radio-2000,"A South African radio station that broadcasts a mix of music, news, and talk shows. It focuses on delivering contemporary music and content that appeals to a broad audience. The station is known for its diverse programming and engaging content.",99.000,115
EC,EAST LONDON,-32,-56,-20,27,48,56,3227DD,2000,Radio-2000,"A South African radio station that broadcasts a mix of music, news, and talk shows. It focuses on delivering contemporary music and content that appeals to a broad audience. The station is known for its diverse programming and engaging content.",98.100,106
KN,ESHOWE,-28,-51,-29,31,17,37,2831CD,2000,Radio-2000,"A South African radio station that broadcasts a mix of music, news, and talk shows. It focuses on delivering contemporary music and content that appeals to a broad audience. The station is known for its diverse programming and engaging content.",99.900,124
WC,FRANSCHHOEK,-33,-54,-26,19,4,23,3319CC,2000,Radio-2000,"A South African radio station that broadcasts a mix of music, news, and talk shows. It focuses on delivering contemporary music and content that appeals to a broad audience. The station is known for its diverse programming and engaging content.",97.200,97
NC,FRASERBURG,-31,-54,-58,21,30,27,3121DC,2000,Radio-2000,"A South African radio station that broadcasts a mix of music, news, and talk shows. It focuses on delivering contemporary music and content that appeals to a broad audience. The station is known for its diverse programming and engaging content.",98.600,111
WC,GEORGE,-33,-55,-38,22,27,3,3322CD,2000,Radio-2000,"A South African radio station that broadcasts a mix of music, news, and talk shows. It focuses on delivering contemporary music and content that appeals to a broad audience. The station is known for its diverse programming and engaging content.",98.200,107
KN,GLENCOE,-28,-9,-4,29,56,51,2829BB,2000,Radio-2000,"A South African radio station that broadcasts a mix of music, news, and talk shows. It focuses on delivering contemporary music and content that appeals to a broad audience. The station is known for its diverse programming and engaging content.",99.600,121
EC,GRAAFF REINET 2,-32,-14,-25,24,31,51,3224BA,2000,Radio-2000,"A South African radio station that broadcasts a mix of music, news, and talk shows. It focuses on delivering contemporary music and content that appeals to a broad audience. The station is known for its diverse programming and engaging content.",99.800,123
EC,GRAHAMSTOWN,-33,-17,-15,26,42,31,3326BC,2000,Radio-2000,"A South African radio station that broadcasts a mix of music, news, and talk shows. It focuses on delivering contemporary music and content that appeals to a broad audience. The station is known for its diverse programming and engaging content.",100.000,125
KN,GREYTOWN,-29,0,-46,30,32,10,2930BA,2000,Radio-2000,"A South African radio station that broadcasts a mix of music, news, and talk shows. It focuses on delivering contemporary music and content that appeals to a broad audience. The station is known for its diverse programming and engaging content.",98.200,107
NC,GROOTDERM BAKEN,-28,-25,-11,16,47,13,2816BD,2000,Radio-2000,"A South African radio station that broadcasts a mix of music, news, and talk shows. It focuses on delivering contemporary music and content that appeals to a broad audience. The station is known for its diverse programming and engaging content.",97.500,100
GP,HEIDELBERG,-26,-29,-19,28,20,48,2628AD,2000,Radio-2000,"A South African radio station that broadcasts a mix of music, news, and talk shows. It focuses on delivering contemporary music and content that appeals to a broad audience. The station is known for its diverse programming and engaging content.",97.300,98
WC,HEIDELBERG CP,-34,-5,-53,20,56,56,3420BB,2000,Radio-2000,"A South African radio station that broadcasts a mix of music, news, and talk shows. It focuses on delivering contemporary music and content that appeals to a broad audience. The station is known for its diverse programming and engaging content.",92.100,46
WC,HEIDELBERG WITSAND,-34,-23,-43,20,50,42,3420BD,2000,Radio-2000,"A South African radio station that broadcasts a mix of music, news, and talk shows. It focuses on delivering contemporary music and content that appeals to a broad audience. The station is known for its diverse programming and engaging content.",95.300,78
WC,HERMANUS,-34,-24,-48,19,13,18,3419AC,2000,Radio-2000,"A South African radio station that broadcasts a mix of music, news, and talk shows. It focuses on delivering contemporary music and content that appeals to a broad audience. The station is known for its diverse programming and engaging content.",97.300,98
MP,HOEDSPRUIT,-24,-32,-30,30,52,8,2430DB,2000,Radio-2000,"A South African radio station that broadcasts a mix of music, news, and talk shows. It focuses on delivering contemporary music and content that appeals to a broad audience. The station is known for its diverse programming and engaging content.",98.500,110
WC,HOUT BAY,-34,0,-46,18,20,51,3418AB,2000,Radio-2000,"A South African radio station that broadcasts a mix of music, news, and talk shows. It focuses on delivering contemporary music and content that appeals to a broad audience. The station is known for its diverse programming and engaging content.",97.400,99
GP,JOHANNESBURG,-26,-11,-31,28,0,26,2628AA,2000,Radio-2000,"A South African radio station that broadcasts a mix of music, news, and talk shows. It focuses on delivering contemporary music and content that appeals to a broad audience. The station is known for its diverse programming and engaging content.",99.700,122
NC,KAKAMAS,-28,-47,-6,20,37,30,2820DC,2000,Radio-2000,"A South African radio station that broadcasts a mix of music, news, and talk shows. It focuses on delivering contemporary music and content that appeals to a broad audience. The station is known for its diverse programming and engaging content.",87.600,1
NC,KENHARDT,-29,-20,-50,21,9,50,2921AC,2000,Radio-2000,"A South African radio station that broadcasts a mix of music, news, and talk shows. It focuses on delivering contemporary music and content that appeals to a broad audience. The station is known for its diverse programming and engaging content.",90.300,28
FS,KIMBERLEY,-28,-51,-15,24,54,17,2824DD,2000,Radio-2000,"A South African radio station that broadcasts a mix of music, news, and talk shows. It focuses on delivering contemporary music and content that appeals to a broad audience. The station is known for its diverse programming and engaging content.",97.500,100
NW,KLERKSDORP,-26,-45,-15,26,24,28,2626CD,2000,Radio-2000,"A South African radio station that broadcasts a mix of music, news, and talk shows. It focuses on delivering contemporary music and content that appeals to a broad audience. The station is known for its diverse programming and engaging content.",97.700,102
WC,KNYSNA,-34,-4,-17,23,2,31,3423AA,2000,Radio-2000,"A South African radio station that broadcasts a mix of music, news, and talk shows. It focuses on delivering contemporary music and content that appeals to a broad audience. The station is known for its diverse programming and engaging content.",98.700,112
FS,KROONSTAD,-27,-25,-17,27,11,7,2727AC,2000,Radio-2000,"A South African radio station that broadcasts a mix of music, news, and talk shows. It focuses on delivering contemporary music and content that appeals to a broad audience. The station is known for its diverse programming and engaging content.",99.900,124
FS,LADYBRAND,-29,-11,-36,27,26,2,2927AB,2000,Radio-2000,"A South African radio station that broadcasts a mix of music, news, and talk shows. It focuses on delivering contemporary music and content that appeals to a broad audience. The station is known for its diverse programming and engaging content.",98.600,111
KN,LADYSMITH,-28,-35,-23,29,47,19,2829DB,2000,Radio-2000,"A South African radio station that broadcasts a mix of music, news, and talk shows. It focuses on delivering contemporary music and content that appeals to a broad audience. The station is known for its diverse programming and engaging content.",97.500,100
NC,LIME ACRES,-28,-21,-27,23,27,54,2823AD,2000,Radio-2000,"A South African radio station that broadcasts a mix of music, news, and talk shows. It focuses on delivering contemporary music and content that appeals to a broad audience. The station is known for its diverse programming and engaging content.",100.500,130
LP,LOUIS TRICHARDT,-23,0,-2,29,45,26,2329BB,2000,Radio-2000,"A South African radio station that broadcasts a mix of music, news, and talk shows. It focuses on delivering contemporary music and content that appeals to a broad audience. The station is known for its diverse programming and engaging content.",97.200,97
GP,MENLO PARK,-25,-46,-16,28,16,5,2528CD,2000,Radio-2000,"A South African radio station that broadcasts a mix of music, news, and talk shows. It focuses on delivering contemporary music and content that appeals to a broad audience. The station is known for its diverse programming and engaging content.",99.500,120
MP,MIDDELBURG,-25,-49,-4,29,23,24,2529CD,2000,Radio-2000,"A South African radio station that broadcasts a mix of music, news, and talk shows. It focuses on delivering contemporary music and content that appeals to a broad audience. The station is known for its diverse programming and engaging content.",98.300,108
EC,MIDDELBURG CP,-31,-28,-45,24,59,38,3124BD,2000,Radio-2000,"A South African radio station that broadcasts a mix of music, news, and talk shows. It focuses on delivering contemporary music and content that appeals to a broad audience. The station is known for its diverse programming and engaging content.",97.900,104
KN,MOOI RIVER,-29,-11,-7,29,52,4,2929BB,2000,Radio-2000,"A South African radio station that broadcasts a mix of music, news, and talk shows. It focuses on delivering contemporary music and content that appeals to a broad audience. The station is known for its diverse programming and engaging content.",98.700,112
EC,MOUNT AYLIFF,-30,-50,-11,29,23,41,3029CD,2000,Radio-2000,"A South African radio station that broadcasts a mix of music, news, and talk shows. It focuses on delivering contemporary music and content that appeals to a broad audience. The station is known for its diverse programming and engaging content.",99.700,122
MP,NELSPRUIT,-25,-30,-57,30,46,33,2530DB,2000,Radio-2000,"A South African radio station that broadcasts a mix of music, news, and talk shows. It focuses on delivering contemporary music and content that appeals to a broad audience. The station is known for its diverse programming and engaging content.",99.000,115
KN,NONGOMA,-27,-54,-18,31,39,27,2731DC,2000,Radio-2000,"A South African radio station that broadcasts a mix of music, news, and talk shows. It focuses on delivering contemporary music and content that appeals to a broad audience. The station is known for its diverse programming and engaging content.",99.400,119
WC,OUDTSHOORN,-33,-40,-17,22,16,1,3322CB,2000,Radio-2000,"A South African radio station that broadcasts a mix of music, news, and talk shows. It focuses on delivering contemporary music and content that appeals to a broad audience. The station is known for its diverse programming and engaging content.",99.100,116
WC,PAARL,-33,-42,-51,18,56,23,3318DB,2000,Radio-2000,"A South African radio station that broadcasts a mix of music, news, and talk shows. It focuses on delivering contemporary music and content that appeals to a broad audience. The station is known for its diverse programming and engaging content.",98.100,106
EC,PARSONS HILL,-33,-57,-11,25,35,19,3325DC,2000,Radio-2000,"A South African radio station that broadcasts a mix of music, news, and talk shows. It focuses on delivering contemporary music and content that appeals to a broad audience. The station is known for its diverse programming and engaging content.",97.500,100
NC,PELLA MISSION,-29,-1,-51,19,9,21,2919AA,2000,Radio-2000,"A South African radio station that broadcasts a mix of music, news, and talk shows. It focuses on delivering contemporary music and content that appeals to a broad audience. The station is known for its diverse programming and engaging content.",94.300,68
FS,PETRUS STEYN,-27,-31,9,28,19,6,2728CB,2000,Radio-2000,"A South African radio station that broadcasts a mix of music, news, and talk shows. It focuses on delivering contemporary music and content that appeals to a broad audience. The station is known for its diverse programming and engaging content.",98.800,113
KN,PIETERMARITZBURG,-29,-34,-47,30,19,49,2930CB,2000,Radio-2000,"A South African radio station that broadcasts a mix of music, news, and talk shows. It focuses on delivering contemporary music and content that appeals to a broad audience. The station is known for its diverse programming and engaging content.",97.900,104
WC,PIKETBERG,-32,-49,-9,18,44,17,3218DC,2000,Radio-2000,"A South African radio station that broadcasts a mix of music, news, and talk shows. It focuses on delivering contemporary music and content that appeals to a broad audience. The station is known for its diverse programming and engaging content.",97.600,101
EC,PORT ELIZABETH,-33,-56,-10,25,26,27,3325CD,2000,Radio-2000,"A South African radio station that broadcasts a mix of music, news, and talk shows. It focuses on delivering contemporary music and content that appeals to a broad audience. The station is known for its diverse programming and engaging content.",98.800,113
NC,PORT NOLLOTH,-29,-15,-56,16,52,14,2916BD,2000,Radio-2000,"A South African radio station that broadcasts a mix of music, news, and talk shows. It focuses on delivering contemporary music and content that appeals to a broad audience. The station is known for its diverse programming and engaging content.",100.300,128
KN,PORT SHEPSTONE,-30,-44,-8,30,17,18,3030CB,2000,Radio-2000,"A South African radio station that broadcasts a mix of music, news, and talk shows. It focuses on delivering contemporary music and content that appeals to a broad audience. The station is known for its diverse programming and engaging content.",97.800,103
EC,PORT ST JOHNS,-31,-36,-39,29,31,39,3129DA,2000,Radio-2000,"A South African radio station that broadcasts a mix of music, news, and talk shows. It focuses on delivering contemporary music and content that appeals to a broad audience. The station is known for its diverse programming and engaging content.",100.200,127
LP,POTGIETERSRUS,-24,-9,-24,29,14,10,2429AA,2000,Radio-2000,"A South African radio station that broadcasts a mix of music, news, and talk shows. It focuses on delivering contemporary music and content that appeals to a broad audience. The station is known for its diverse programming and engaging content.",97.900,104
GP,PRETORIA,-25,-41,-21,27,59,2,2527DB,2000,Radio-2000,"A South African radio station that broadcasts a mix of music, news, and talk shows. It focuses on delivering contemporary music and content that appeals to a broad audience. The station is known for its diverse programming and engaging content.",97.500,100
EC,QUEENSTOWN,-31,-43,-56,26,47,5,3126DB,2000,Radio-2000,"A South African radio station that broadcasts a mix of music, news, and talk shows. It focuses on delivering contemporary music and content that appeals to a broad audience. The station is known for its diverse programming and engaging content.",98.700,112
MP,ROOSSENEKAL MAPOCHS,-25,-11,-51,29,54,56,2529BB,2000,Radio-2000,"A South African radio station that broadcasts a mix of music, news, and talk shows. It focuses on delivering contemporary music and content that appeals to a broad audience. The station is known for its diverse programming and engaging content.",98.900,114
NW,RUSTENBURG,-25,-36,-59,27,7,5,2527CA,2000,Radio-2000,"A South African radio station that broadcasts a mix of music, news, and talk shows. It focuses on delivering contemporary music and content that appeals to a broad audience. The station is known for its diverse programming and engaging content.",97.200,97
NW,SCHWEIZER RENEKE,-27,-8,-13,25,13,7,2725AA,2000,Radio-2000,"A South African radio station that broadcasts a mix of music, news, and talk shows. It focuses on delivering contemporary music and content that appeals to a broad audience. The station is known for its diverse programming and engaging content.",99.600,121
WC,SEA POINT,-33,-54,-33,18,23,51,3318CD,2000,Radio-2000,"A South African radio station that broadcasts a mix of music, news, and talk shows. It focuses on delivering contemporary music and content that appeals to a broad audience. The station is known for its diverse programming and engaging content.",100.000,125
FS,SENEKAL,-28,-15,-19,27,30,26,2827BC,2000,Radio-2000,"A South African radio station that broadcasts a mix of music, news, and talk shows. It focuses on delivering contemporary music and content that appeals to a broad audience. The station is known for its diverse programming and engaging content.",97.600,101
WC,SIMONSTOWN,-34,-11,-55,18,25,36,3418AB,2000,Radio-2000,"A South African radio station that broadcasts a mix of music, news, and talk shows. It focuses on delivering contemporary music and content that appeals to a broad audience. The station is known for its diverse programming and engaging content.",97.200,97
EC,SOMERSET EAST,-32,-42,-45,25,34,41,3225DA,2000,Radio-2000,"A South African radio station that broadcasts a mix of music, news, and talk shows. It focuses on delivering contemporary music and content that appeals to a broad audience. The station is known for its diverse programming and engaging content.",90.000,25
FS,SPRINGFONTEIN,-30,-16,-14,25,46,8,3025BD,2000,Radio-2000,"A South African radio station that broadcasts a mix of music, news, and talk shows. It focuses on delivering contemporary music and content that appeals to a broad audience. The station is known for its diverse programming and engaging content.",99.100,116
WC,STELLENBOSCH,-33,-54,-59,18,52,10,3318DD,2000,Radio-2000,"A South African radio station that broadcasts a mix of music, news, and talk shows. It focuses on delivering contemporary music and content that appeals to a broad audience. The station is known for its diverse programming and engaging content.",97.400,99
WC,STILBAAI,-34,-21,-55,21,25,25,3421AD,2000,Radio-2000,"A South African radio station that broadcasts a mix of music, news, and talk shows. It focuses on delivering contemporary music and content that appeals to a broad audience. The station is known for its diverse programming and engaging content.",97.100,96
WC,TABLE MOUNTAIN,-33,-57,-26,18,24,11,3318CD,2000,Radio-2000,"A South African radio station that broadcasts a mix of music, news, and talk shows. It focuses on delivering contemporary music and content that appeals to a broad audience. The station is known for its diverse programming and engaging content.",99.100,116
LP,THABAZIMBI,-24,-27,-59,27,36,51,2427BC,2000,Radio-2000,"A South African radio station that broadcasts a mix of music, news, and talk shows. It focuses on delivering contemporary music and content that appeals to a broad audience. The station is known for its diverse programming and engaging content.",98.400,109
KN,THE BLUFF,-29,-54,-42,31,0,44,2931CC,2000,Radio-2000,"A South African radio station that broadcasts a mix of music, news, and talk shows. It focuses on delivering contemporary music and content that appeals to a broad audience. The station is known for its diverse programming and engaging content.",98.500,110
FS,THEUNISSEN,-28,-11,-55,26,34,50,2826BA,2000,Radio-2000,"A South African radio station that broadcasts a mix of music, news, and talk shows. It focuses on delivering contemporary music and content that appeals to a broad audience. The station is known for its diverse programming and engaging content.",99.000,115
LP,TSHIKONDENI VENDA,-22,-31,-31,30,55,41,2230DB,2000,Radio-2000,"A South African radio station that broadcasts a mix of music, news, and talk shows. It focuses on delivering contemporary music and content that appeals to a broad audience. The station is known for its diverse programming and engaging content.",99.900,124
WC,TYGERBERG,-33,-52,-31,18,35,44,3318DC,2000,Radio-2000,"A South African radio station that broadcasts a mix of music, news, and talk shows. It focuses on delivering contemporary music and content that appeals to a broad audience. The station is known for its diverse programming and engaging content.",99.500,120
LP,TZANEEN,-23,-47,-6,30,0,17,2330CC,2000,Radio-2000,"A South African radio station that broadcasts a mix of music, news, and talk shows. It focuses on delivering contemporary music and content that appeals to a broad audience. The station is known for its diverse programming and engaging content.",107.700,202
KN,UBOMBO,-27,-33,-42,32,4,52,2732CA,2000,Radio-2000,"A South African radio station that broadcasts a mix of music, news, and talk shows. It focuses on delivering contemporary music and content that appeals to a broad audience. The station is known for its diverse programming and engaging content.",98.900,114
EC,UMTATA,-31,-35,-48,28,44,36,3128DA,2000,Radio-2000,"A South African radio station that broadcasts a mix of music, news, and talk shows. It focuses on delivering contemporary music and content that appeals to a broad audience. The station is known for its diverse programming and engaging content.",98.500,110
NC,VICTORIA WEST,-31,-24,-26,23,6,49,3123AC,2000,Radio-2000,"A South African radio station that broadcasts a mix of music, news, and talk shows. It focuses on delivering contemporary music and content that appeals to a broad audience. The station is known for its diverse programming and engaging content.",97.600,101
WC,VILLIERSDORP,-33,-58,-10,19,30,22,3319DC,2000,Radio-2000,"A South African radio station that broadcasts a mix of music, news, and talk shows. It focuses on delivering contemporary music and content that appeals to a broad audience. The station is known for its diverse programming and engaging content.",99.800,123
KN,VRYHEID,-27,-44,-27,30,47,38,2730DB,2000,Radio-2000,"A South African radio station that broadcasts a mix of music, news, and talk shows. It focuses on delivering contemporary music and content that appeals to a broad audience. The station is known for its diverse programming and engaging content.",97.700,102
GP,WELVERDIEND,-26,-26,-48,27,14,53,2627AC,2000,Radio-2000,"A South African radio station that broadcasts a mix of music, news, and talk shows. It focuses on delivering contemporary music and content that appeals to a broad audience. The station is known for its diverse programming and engaging content.",98.500,110
NW,ZEERUST,-25,-51,-37,26,2,51,2526CC,2000,Radio-2000,"A South African radio station that broadcasts a mix of music, news, and talk shows. It focuses on delivering contemporary music and content that appeals to a broad audience. The station is known for its diverse programming and engaging content.",99.100,116
KN,NEWCASTLE,-27,-43,-7,29,57,12,2729DB,ABUS,Abantu Broadcasting Unit Service,Community radio service focusing on local news and cultural programming.,100.300,128
KN,OVERPORT,-29,-50,-12,30,59,44,2930DD,ALAN,Alan Radio Network ,Radio network offering a mix of news, talk shows, and music
KN,PIETERMARITZBURG,-29,-34,-47,30,19,49,2930CB,ALAN,Alan Radio Network ,Radio network offering a mix of news,105.600,181
EC,ALIWAL NORTH,-30,-47,-5,26,34,0,3026DC,ALGO,ALGOA FM,"A radio station based in Port Elizabeth, Eastern Cape. It broadcasts a variety of music, including contemporary hits and popular classics, along with news, sports, and talk shows.",94.900,74
EC,ANDRIESKRAAL,-33,-46,-42,24,42,35,3324DC,ALGO,ALGOA FM,"A radio station based in Port Elizabeth, Eastern Cape. It broadcasts a variety of music, including contemporary hits and popular classics, along with news, sports, and talk shows.",96.400,89
EC,BEDFORD,-32,-37,-57,26,2,57,3226CA,ALGO,ALGOA FM,"A radio station based in Port Elizabeth, Eastern Cape. It broadcasts a variety of music, including contemporary hits and popular classics, along with news, sports, and talk shows.",94.000,65
EC,CRADOCK,-32,-18,-1,25,32,27,3225BC,ALGO,ALGOA FM,"A radio station based in Port Elizabeth, Eastern Cape. It broadcasts a variety of music, including contemporary hits and popular classics, along with news, sports, and talk shows.",95.900,84
EC,EAST LONDON,-32,-56,-20,27,48,56,3227DD,ALGO,ALGOA FM,"A radio station based in Port Elizabeth, Eastern Cape. It broadcasts a variety of music, including contemporary hits and popular classics, along with news, sports, and talk shows.",94.800,73
WC,GEORGE,-33,-55,-38,22,27,3,3322CD,ALGO,ALGOA FM,"A radio station based in Port Elizabeth, Eastern Cape. It broadcasts a variety of music, including contemporary hits and popular classics, along with news, sports, and talk shows.",96.000,85
EC,GRAAFF-REINET,-32,-4,-48,24,27,0,3224AB,ALGO,ALGOA FM,"A radio station based in Port Elizabeth, Eastern Cape. It broadcasts a variety of music, including contemporary hits and popular classics, along with news, sports, and talk shows.",96.500,90
EC,GRAHAMSTOWN,-33,-17,-15,26,42,31,3326BC,ALGO,ALGOA FM,"A radio station based in Port Elizabeth, Eastern Cape. It broadcasts a variety of music, including contemporary hits and popular classics, along with news, sports, and talk shows.",96.700,92
EC,HANKEY,-33,-49,-52,24,52,12,3324DD,ALGO,ALGOA FM,"A radio station based in Port Elizabeth, Eastern Cape. It broadcasts a variety of music, including contemporary hits and popular classics, along with news, sports, and talk shows.",94.200,67
EC,KAREEDOUW,-34,-1,-29,24,25,48,3424AB,ALGO,ALGOA FM,"A radio station based in Port Elizabeth, Eastern Cape. It broadcasts a variety of music, including contemporary hits and popular classics, along with news, sports, and talk shows.",96.100,86
EC,KING WILLIAMS TOWN,-32,-40,-44,27,15,36,3227CB,ALGO,ALGOA FM,"A radio station based in Port Elizabeth, Eastern Cape. It broadcasts a variety of music, including contemporary hits and popular classics, along with news, sports, and talk shows.",96.200,87
WC,KNYSNA,-34,-4,-17,23,2,31,3423AA,ALGO,ALGOA FM,"A radio station based in Port Elizabeth, Eastern Cape. It broadcasts a variety of music, including contemporary hits and popular classics, along with news, sports, and talk shows.",94.300,68
EC,NOUPOORT,-31,-18,-14,24,56,1,3124BD,ALGO,ALGOA FM,"A radio station based in Port Elizabeth, Eastern Cape. It broadcasts a variety of music, including contemporary hits and popular classics, along with news, sports, and talk shows.",94.600,71
EC,PARSONS HILL,-33,-57,-11,25,35,19,3325DC,ALGO,ALGOA FM,"A radio station based in Port Elizabeth, Eastern Cape. It broadcasts a variety of music, including contemporary hits and popular classics, along with news, sports, and talk shows.",94.200,67
EC,PATENSIE,-33,-45,-35,24,49,42,3324DD,ALGO,ALGOA FM,"A radio station based in Port Elizabeth, Eastern Cape. It broadcasts a variety of music, including contemporary hits and popular classics, along with news, sports, and talk shows.",94.800,73
EC,PAUL SAUER DAM,-33,-45,-13,24,33,43,3324DC,ALGO,ALGOA FM,"A radio station based in Port Elizabeth, Eastern Cape. It broadcasts a variety of music, including contemporary hits and popular classics, along with news, sports, and talk shows.",96.800,93
WC,PLETTENBERG BAY,-34,-3,-34,23,22,25,3423AB,ALGO,ALGOA FM,"A radio station based in Port Elizabeth, Eastern Cape. It broadcasts a variety of music, including contemporary hits and popular classics, along with news, sports, and talk shows.",94.000,65
EC,PORT ELIZABETH,-33,-56,-10,25,26,27,3325CD,ALGO,ALGOA FM,"A radio station based in Port Elizabeth, Eastern Cape. It broadcasts a variety of music, including contemporary hits and popular classics, along with news, sports, and talk shows.",95.500,80
EC,QUEENSTOWN,-31,-43,-56,26,47,5,3126DB,ALGO,ALGOA FM,"A radio station based in Port Elizabeth, Eastern Cape. It broadcasts a variety of music, including contemporary hits and popular classics, along with news, sports, and talk shows.",95.400,79
EC,SUURBERG,-33,-14,-55,25,34,27,3325BA,ALGO,ALGOA FM,"A radio station based in Port Elizabeth, Eastern Cape. It broadcasts a variety of music, including contemporary hits and popular classics, along with news, sports, and talk shows.",95.000,75
EC,MATATIELE,-30,-23,-45,28,49,19,3028BD,ANZO,Anzo Radio , Community radio station with regional news and entertainment.,93.800,63
EC,MOUNT AYLIFF,-30,-50,-11,29,23,41,3029CD,ANZO,Anzo Radio , Community radio station with regional news and entertainment.,98.300,108
NP,BLOUBERG FM,23,17,17,29,7,59,2329CA,BBFM,Big Boy FM ,FM radio station known for its music and talk shows.,95.000,75
MP,NELSPRUIT,-25,-30,-57,30,46,33,2530DB,BCR,Blue Coast Radio , Regional radio station providing a variety of music and local content.,104.100,166
MP,DULLSTROOM,-25,-34,-21,30,11,17,2530CA,BELA,Thobela FM,"broadcasting primarily in Sepedi (Northern Sotho). It is based in Polokwane, Limpopo, and offers a mix of music, news, and talk shows, focusing on local culture and issues.",87.700,2
LP,GA-FEMANE,-23,-30,-6,30,24,22,2330CB,BELA,Thobela FM,"broadcasting primarily in Sepedi (Northern Sotho). It is based in Polokwane, Limpopo, and offers a mix of music, news, and talk shows, focusing on local culture and issues.",88.300,8
LP,GA-KGAPANE,-23,-39,-46,30,13,34,2330CA,BELA,Thobela FM,"broadcasting primarily in Sepedi (Northern Sotho). It is based in Polokwane, Limpopo, and offers a mix of music, news, and talk shows, focusing on local culture and issues.",91.500,40
LP,GA-KORANTE,-23,-27,-45,30,31,32,2330BC,BELA,Thobela FM,"broadcasting primarily in Sepedi (Northern Sotho). It is based in Polokwane, Limpopo, and offers a mix of music, news, and talk shows, focusing on local culture and issues.",88.500,10
LP,GA-MABULA,-23,-37,-26,27,58,15,2327DB,BELA,Thobela FM,"broadcasting primarily in Sepedi (Northern Sotho). It is based in Polokwane, Limpopo, and offers a mix of music, news, and talk shows, focusing on local culture and issues.",90.900,34
LP,GA-MAFEFE,-24,-11,-36,30,5,18,2430AA,BELA,Thobela FM,"broadcasting primarily in Sepedi (Northern Sotho). It is based in Polokwane, Limpopo, and offers a mix of music, news, and talk shows, focusing on local culture and issues.",88.700,12
LP,GA-PHOOKO,-23,-22,-49,30,9,12,2330AC,BELA,Thobela FM,"broadcasting primarily in Sepedi (Northern Sotho). It is based in Polokwane, Limpopo, and offers a mix of music, news, and talk shows, focusing on local culture and issues.",97.000,95
LP,HAENERTSBURG,-23,-59,-54,29,56,48,2329DD,BELA,Thobela FM,"broadcasting primarily in Sepedi (Northern Sotho). It is based in Polokwane, Limpopo, and offers a mix of music, news, and talk shows, focusing on local culture and issues.",90.300,28
LP,HLOHLOKWE,-24,-13,-27,30,25,56,2430AB,BELA,Thobela FM,"broadcasting primarily in Sepedi (Northern Sotho). It is based in Polokwane, Limpopo, and offers a mix of music, news, and talk shows, focusing on local culture and issues.",88.500,10
MP,HOEDSPRUIT,-24,-32,-30,30,52,8,2430DB,BELA,Thobela FM,"broadcasting primarily in Sepedi (Northern Sotho). It is based in Polokwane, Limpopo, and offers a mix of music, news, and talk shows, focusing on local culture and issues.",88.900,14
LP,INDERMARK,-23,-4,-51,29,6,26,2329AA,BELA,Thobela FM,"broadcasting primarily in Sepedi (Northern Sotho). It is based in Polokwane, Limpopo, and offers a mix of music, news, and talk shows, focusing on local culture and issues.",88.000,5
GP,JOHANNESBURG,-26,-11,-31,28,0,26,2628AA,BELA,Thobela FM,"broadcasting primarily in Sepedi (Northern Sotho). It is based in Polokwane, Limpopo, and offers a mix of music, news, and talk shows, focusing on local culture and issues.",90.100,26
LP,LENYENYE,-23,-58,-45,30,16,27,2330CD,BELA,Thobela FM,"broadcasting primarily in Sepedi (Northern Sotho). It is based in Polokwane, Limpopo, and offers a mix of music, news, and talk shows, focusing on local culture and issues.",99.900,124
LP,LEPHEPHANE,-24,0,-42,30,11,32,2430AA,BELA,Thobela FM,"broadcasting primarily in Sepedi (Northern Sotho). It is based in Polokwane, Limpopo, and offers a mix of music, news, and talk shows, focusing on local culture and issues.",93.400,59
LP,LOUIS TRICHARDT,-23,0,-2,29,45,26,2329BB,BELA,Thobela FM,"broadcasting primarily in Sepedi (Northern Sotho). It is based in Polokwane, Limpopo, and offers a mix of music, news, and talk shows, focusing on local culture and issues.",87.600,1
LP,MAKGAUNG,-24,-16,-58,30,28,40,2430AB,BELA,Thobela FM,"broadcasting primarily in Sepedi (Northern Sotho). It is based in Polokwane, Limpopo, and offers a mix of music, news, and talk shows, focusing on local culture and issues.",99.500,120
LP,MAPHERE,-24,-20,-19,30,33,44,2430BC,BELA,Thobela FM,"broadcasting primarily in Sepedi (Northern Sotho). It is based in Polokwane, Limpopo, and offers a mix of music, news, and talk shows, focusing on local culture and issues.",101.600,141
LP,MAROTHOLONG,-23,-36,-59,29,57,38,2329DB,BELA,Thobela FM,"broadcasting primarily in Sepedi (Northern Sotho). It is based in Polokwane, Limpopo, and offers a mix of music, news, and talk shows, focusing on local culture and issues.",101.800,143
LP,MATAUNG,-24,-10,-58,30,3,27,2430AA,BELA,Thobela FM,"broadcasting primarily in Sepedi (Northern Sotho). It is based in Polokwane, Limpopo, and offers a mix of music, news, and talk shows, focusing on local culture and issues.",101.800,143
MP,MIDDELBURG,-25,-49,-4,29,23,24,2529CD,BELA,Thobela FM,"broadcasting primarily in Sepedi (Northern Sotho). It is based in Polokwane, Limpopo, and offers a mix of music, news, and talk shows, focusing on local culture and issues.",88.700,12
LP,NYLSTROOM,-24,-47,-58,28,25,59,2428CD,BELA,Thobela FM,"broadcasting primarily in Sepedi (Northern Sotho). It is based in Polokwane, Limpopo, and offers a mix of music, news, and talk shows, focusing on local culture and issues.",89.800,23
LP,POTGIETERSRUS,-24,-9,-24,29,14,10,2429AA,BELA,Thobela FM,"broadcasting primarily in Sepedi (Northern Sotho). It is based in Polokwane, Limpopo, and offers a mix of music, news, and talk shows, focusing on local culture and issues.",88.300,8
GP,PRETORIA,-25,-41,-21,27,59,2,2527DB,BELA,Thobela FM,"broadcasting primarily in Sepedi (Northern Sotho). It is based in Polokwane, Limpopo, and offers a mix of music, news, and talk shows, focusing on local culture and issues.",87.900,4
MP,ROOSSENEKAL MAPOCHS,-25,-11,-51,29,54,56,2529BB,BELA,Thobela FM,"broadcasting primarily in Sepedi (Northern Sotho). It is based in Polokwane, Limpopo, and offers a mix of music, news, and talk shows, focusing on local culture and issues.",102.800,153
LP,THABAZIMBI,-24,-27,-59,27,36,51,2427BC,BELA,Thobela FM,"broadcasting primarily in Sepedi (Northern Sotho). It is based in Polokwane, Limpopo, and offers a mix of music, news, and talk shows, focusing on local culture and issues.",92.100,46
LP,TOLWE,-23,-4,-59,28,27,29,2328AB,BELA,Thobela FM,"broadcasting primarily in Sepedi (Northern Sotho). It is based in Polokwane, Limpopo, and offers a mix of music, news, and talk shows, focusing on local culture and issues.",88.500,10
LP,TSHAMAVUDZI,-22,-39,-15,30,31,42,2230DA,BELA,Thobela FM,"broadcasting primarily in Sepedi (Northern Sotho). It is based in Polokwane, Limpopo, and offers a mix of music, news, and talk shows, focusing on local culture and issues.",107.500,200
LP,TSWENYANE,-24,-28,-36,30,36,26,2430BC,BELA,Thobela FM,"broadcasting primarily in Sepedi (Northern Sotho). It is based in Polokwane, Limpopo, and offers a mix of music, news, and talk shows, focusing on local culture and issues.",90.200,27
LP,TZANEEN,-23,-47,-6,30,0,17,2330CC,BELA,Thobela FM,"broadcasting primarily in Sepedi (Northern Sotho). It is based in Polokwane, Limpopo, and offers a mix of music, news, and talk shows, focusing on local culture and issues.",89.500,20
NW,CHRISTIANA,-27,-53,-3,24,55,50,2724DD,BHRM,BHRM Radio,Community radio station offering local news and cultural programming.,95.100,76
NW,SCHWEIZER RENEKE,-27,-8,-13,25,13,7,2725AA,BHRM,BHRM Radio,Community radio station offering local news and cultural programming.,107.900,204
NW,BRITS1,-25,-42,-36,27,53,10,2527DB,BOSV,Bosveld Radio ,Regional station focusing on local news and rural issues.,107.500,200
LP,THABAZIMBI,-24,-27,-59,27,36,51,2427BC,BUSH,Bush Radio, Community radio station known for its diverse programming and community engagement.,104.900,174
WC,TYGERBERG,-33,-52,-31,18,35,44,3318DC,CAPE,Cape Radio , Regional station serving the Cape Town area with local news and entertainment,559.250,32
LP,GA-MABULA,-23,-37,-26,27,58,15,2327DB,CAPR,Capricorn FM," It broadcasts a mix of music, news, and talk shows, catering to the local audience with a focus on both English and local languages. The station plays a variety of music genres, including contemporary hits, and aims to serve the community with relevant content and information.",100.900,134
MP,HOEDSPRUIT,-24,-32,-30,30,52,8,2430DB,CAPR,Capricorn FM," It broadcasts a mix of music, news, and talk shows, catering to the local audience with a focus on both English and local languages. The station plays a variety of music genres, including contemporary hits, and aims to serve the community with relevant content and information.",98.000,105
LP,LOUIS TRICHARDT,-23,0,-2,29,45,26,2329BB,CAPR,Capricorn FM," It broadcasts a mix of music, news, and talk shows, catering to the local audience with a focus on both English and local languages. The station plays a variety of music genres, including contemporary hits, and aims to serve the community with relevant content and information.",105.400,179
MP,PANKOP,-25,-9,-44,28,24,16,2528AB,CAPR,Capricorn FM," It broadcasts a mix of music, news, and talk shows, catering to the local audience with a focus on both English and local languages. The station plays a variety of music genres, including contemporary hits, and aims to serve the community with relevant content and information.",91.700,42
LP,POTGIETERSRUS,-24,-9,-24,29,14,10,2429AA,CAPR,Capricorn FM," It broadcasts a mix of music, news, and talk shows, catering to the local audience with a focus on both English and local languages. The station plays a variety of music genres, including contemporary hits, and aims to serve the community with relevant content and information.",96.000,85
LP,SIBASA,-22,-56,-57,30,26,54,2230CD,CAPR,Capricorn FM," It broadcasts a mix of music, news, and talk shows, catering to the local audience with a focus on both English and local languages. The station plays a variety of music genres, including contemporary hits, and aims to serve the community with relevant content and information.",89.900,24
LP,TZANEEN,-23,-47,-6,30,0,17,2330CC,CAPR,Capricorn FM," It broadcasts a mix of music, news, and talk shows, catering to the local audience with a focus on both English and local languages. The station plays a variety of music genres, including contemporary hits, and aims to serve the community with relevant content and information.",97.600,101
WC,FISHHOEK,-34,-8,-59,18,26,8,3418AB,CCFM,,,96.700,92
WC,TYGERBERG,-33,-52,-31,18,35,44,3318DC,CCFM,,,107.500,200
FS,BLOEMFONTEIN,-29,-6,-4,26,13,44,2926AA,CEUT,,,105.800,183
GP,JOHANNESBURG,-26,-11,-31,28,0,26,2628AA,CHAI,,,101.900,144
LP,SIBASA,-22,-56,-57,30,26,54,2230CD,CHOI,,,101.100,136
GP,CORONATION HOSPITAL,-26,-11,-32,27,51,39,2627BB,CORO,,,97.200,97
GP,COSMO CITY,-26,-1,-15,27,55,47,2627BB,COSM,,,90.500,30
WC,KLIPHEUWEL,-33,-42,0,18,42,30,3318DA,CPLP,,,0.729,0
WC,TYGERBERG,-33,-52,-31,18,35,44,3318DC,CTNR,,,90.400,29
NC,ALEXANDER BAY,-28,-36,-39,16,29,55,2816CB,DTT1,Digital Terrestrial Television 1,"DTT give access to broader range of channels within the same frequency bandwidth and provides a clearer, sharper picture and superior sound quality",490.000,23
EC,ALIWAL NORTH,-30,-47,-5,26,34,0,3026DC,DTT1,Digital Terrestrial Television 1,"DTT give access to broader range of channels within the same frequency bandwidth and provides a clearer, sharper picture and superior sound quality",474.000,21
EC,ANDRIESKRAAL,-33,-46,-42,24,42,35,3324DC,DTT1,Digital Terrestrial Television 1,"DTT give access to broader range of channels within the same frequency bandwidth and provides a clearer, sharper picture and superior sound quality",594.000,36
WC,AURORA,-33,-49,-39,18,38,29,3318DC,DTT1,Digital Terrestrial Television 1,"DTT give access to broader range of channels within the same frequency bandwidth and provides a clearer, sharper picture and superior sound quality",610.000,38
EC,BARKLY EAST,-30,-51,-30,27,26,0,3027CD,DTT1,Digital Terrestrial Television 1,"DTT give access to broader range of channels within the same frequency bandwidth and provides a clearer, sharper picture and superior sound quality",522.000,27
EC,BEDFORD,-32,-37,-57,26,2,57,3226CA,DTT1,Digital Terrestrial Television 1,"DTT give access to broader range of channels within the same frequency bandwidth and provides a clearer, sharper picture and superior sound quality",474.000,21
FS,BETHLEHEM,-28,-14,-10,28,29,58,2828AB,DTT1,Digital Terrestrial Television 1,"DTT give access to broader range of channels within the same frequency bandwidth and provides a clearer, sharper picture and superior sound quality",586.000,35
GP,BEZ VALLEY,-26,-11,-41,28,5,0,2628AA,DTT1,Digital Terrestrial Television 1,"DTT give access to broader range of channels within the same frequency bandwidth and provides a clearer, sharper picture and superior sound quality",738.000,54
FS,BLOEMFONTEIN,-29,-6,-4,26,13,44,2926AA,DTT1,Digital Terrestrial Television 1,"DTT give access to broader range of channels within the same frequency bandwidth and provides a clearer, sharper picture and superior sound quality",722.000,52
FS,BOESMANSKOP,-30,0,-29,27,12,53,3027AA,DTT1,Digital Terrestrial Television 1,"DTT give access to broader range of channels within the same frequency bandwidth and provides a clearer, sharper picture and superior sound quality",586.000,35
EC,BURGERSDORP,-31,0,-2,26,20,21,3126AB,DTT1,Digital Terrestrial Television 1,"DTT give access to broader range of channels within the same frequency bandwidth and provides a clearer, sharper picture and superior sound quality",682.000,47
EC,BUTTERWORTH,-32,-16,-35,28,12,24,3228AC,DTT1,Digital Terrestrial Television 1,"DTT give access to broader range of channels within the same frequency bandwidth and provides a clearer, sharper picture and superior sound quality",490.000,23
EC,CALA,-31,-33,-15,27,45,2,3127DB,DTT1,Digital Terrestrial Television 1,"DTT give access to broader range of channels within the same frequency bandwidth and provides a clearer, sharper picture and superior sound quality",674.000,46
NC,CALVINIA,-31,-23,-3,19,46,56,3119BD,DTT1,Digital Terrestrial Television 1,"DTT give access to broader range of channels within the same frequency bandwidth and provides a clearer, sharper picture and superior sound quality",498.000,24
WC,CAPE TOWN,-34,-3,-18,18,23,11,3418AB,DTT1,Digital Terrestrial Television 1,"DTT give access to broader range of channels within the same frequency bandwidth and provides a clearer, sharper picture and superior sound quality",610.000,38
MP,CAROLINA,-26,-10,-37,30,37,57,2630BA,DTT1,Digital Terrestrial Television 1,"DTT give access to broader range of channels within the same frequency bandwidth and provides a clearer, sharper picture and superior sound quality",818.000,64
WC,CERES,-33,-15,-10,19,27,32,3319AD,DTT1,Digital Terrestrial Television 1,"DTT give access to broader range of channels within the same frequency bandwidth and provides a clearer, sharper picture and superior sound quality",506.000,25
NW,CHRISTIANA,-27,-53,-3,24,55,50,2724DD,DTT1,Digital Terrestrial Television 1,"DTT give access to broader range of channels within the same frequency bandwidth and provides a clearer, sharper picture and superior sound quality",482.000,22
WC,CLIFTON,-33,-56,-31,18,22,36,3318CD,DTT1,Digital Terrestrial Television 1,"DTT give access to broader range of channels within the same frequency bandwidth and provides a clearer, sharper picture and superior sound quality",522.000,27
NC,COLESBERG,-30,-42,-30,25,3,28,3025CA,DTT1,Digital Terrestrial Television 1,"DTT give access to broader range of channels within the same frequency bandwidth and provides a clearer, sharper picture and superior sound quality",522.000,27
EC,CRADOCK,-32,-18,-1,25,32,27,3225BC,DTT1,Digital Terrestrial Television 1,"DTT give access to broader range of channels within the same frequency bandwidth and provides a clearer, sharper picture and superior sound quality",658.000,44
MP,DAVEL,-26,-27,-30,29,37,26,2629BC,DTT1,Digital Terrestrial Television 1,"DTT give access to broader range of channels within the same frequency bandwidth and provides a clearer, sharper picture and superior sound quality",626.000,40
NC,DE AAR,-30,-27,-50,23,59,13,3023BD,DTT1,Digital Terrestrial Television 1,"DTT give access to broader range of channels within the same frequency bandwidth and provides a clearer, sharper picture and superior sound quality",754.000,56
EC,DESPATCH,-33,-45,-53,25,25,29,3325CD,DTT1,Digital Terrestrial Television 1,"DTT give access to broader range of channels within the same frequency bandwidth and provides a clearer, sharper picture and superior sound quality",666.000,45
FS,DEWETSDORP,-29,-34,-44,26,39,37,2926DA,DTT1,Digital Terrestrial Television 1,"DTT give access to broader range of channels within the same frequency bandwidth and provides a clearer, sharper picture and superior sound quality",834.000,66
FS,DEWETSDORP,-29,-34,-44,26,39,37,2926DA,DTT1,Digital Terrestrial Television 1,"DTT give access to broader range of channels within the same frequency bandwidth and provides a clearer, sharper picture and superior sound quality",802.000,62
KN,DONNYBROOK,-29,-54,-56,29,51,19,2929DD,DTT1,Digital Terrestrial Television 1,"DTT give access to broader range of channels within the same frequency bandwidth and provides a clearer, sharper picture and superior sound quality",818.000,64
NC,DOUGLAS,-29,-4,-9,23,31,43,2923BA,DTT1,Digital Terrestrial Television 1,"DTT give access to broader range of channels within the same frequency bandwidth and provides a clearer, sharper picture and superior sound quality",490.000,23
MP,DULLSTROOM,-25,-34,-21,30,11,17,2530CA,DTT1,Digital Terrestrial Television 1,"DTT give access to broader range of channels within the same frequency bandwidth and provides a clearer, sharper picture and superior sound quality",762.000,57
KN,DURBAN,-29,-46,-12,30,43,0,2930DC,DTT1,Digital Terrestrial Television 1,"DTT give access to broader range of channels within the same frequency bandwidth and provides a clearer, sharper picture and superior sound quality",674.000,46
LP,DZAMBA,-22,-49,-5,30,18,41,2230CD,DTT1,Digital Terrestrial Television 1,"DTT give access to broader range of channels within the same frequency bandwidth and provides a clearer, sharper picture and superior sound quality",594.000,36
EC,EAST LONDON,-32,-56,-20,27,48,56,3227DD,DTT1,Digital Terrestrial Television 1,"DTT give access to broader range of channels within the same frequency bandwidth and provides a clearer, sharper picture and superior sound quality",770.000,58
EC,ELANDS HEIGHT,-30,-47,-44,28,7,10,3028CC,DTT1,Digital Terrestrial Television 1,"DTT give access to broader range of channels within the same frequency bandwidth and provides a clearer, sharper picture and superior sound quality",682.000,47
EC,ELLIOT,-31,-10,-36,27,51,57,3127BB,DTT1,Digital Terrestrial Television 1,"DTT give access to broader range of channels within the same frequency bandwidth and provides a clearer, sharper picture and superior sound quality",802.000,62
KN,EMPANGENI,-28,-44,-38,31,53,31,2831DB,DTT1,Digital Terrestrial Television 1,"DTT give access to broader range of channels within the same frequency bandwidth and provides a clearer, sharper picture and superior sound quality",786.000,60
EC,ENTSHATSHONGO,-32,-8,-39,28,40,10,3228BA,DTT1,Digital Terrestrial Television 1,"DTT give access to broader range of channels within the same frequency bandwidth and provides a clearer, sharper picture and superior sound quality",490.000,23
NW,ENZELSBERG,-25,-25,-7,26,13,16,2526AC,DTT1,Digital Terrestrial Television 1,"DTT give access to broader range of channels within the same frequency bandwidth and provides a clearer, sharper picture and superior sound quality",482.000,22
KN,ESHOWE,-28,-51,-29,31,17,37,2831CD,DTT1,Digital Terrestrial Television 1,"DTT give access to broader range of channels within the same frequency bandwidth and provides a clearer, sharper picture and superior sound quality",786.000,60
FS,FICKSBURG TOWN,-28,-52,-38,27,51,25,2827DD,DTT1,Digital Terrestrial Television 1,"DTT give access to broader range of channels within the same frequency bandwidth and provides a clearer, sharper picture and superior sound quality",634.000,41
WC,FISHHOEK,-34,-8,-59,18,26,8,3418AB,DTT1,Digital Terrestrial Television 1,"DTT give access to broader range of channels within the same frequency bandwidth and provides a clearer, sharper picture and superior sound quality",610.000,38
WC,FRANSCHHOEK,-33,-54,-26,19,4,23,3319CC,DTT1,Digital Terrestrial Television 1,"DTT give access to broader range of channels within the same frequency bandwidth and provides a clearer, sharper picture and superior sound quality",610.000,38
LP,GABA,-22,-47,-2,30,42,25,2230DC,DTT1,Digital Terrestrial Television 1,"DTT give access to broader range of channels within the same frequency bandwidth and provides a clearer, sharper picture and superior sound quality",594.000,36
NW,GANYESA,-26,-36,-12,24,16,0,2624CB,DTT1,Digital Terrestrial Television 1,"DTT give access to broader range of channels within the same frequency bandwidth and provides a clearer, sharper picture and superior sound quality",482.000,22
NC,GARIES,-30,-18,-52,18,4,43,3018AC,DTT1,Digital Terrestrial Television 1,"DTT give access to broader range of channels within the same frequency bandwidth and provides a clearer, sharper picture and superior sound quality",490.000,23
WC,GEORGE,-33,-55,-38,22,27,3,3322CD,DTT1,Digital Terrestrial Television 1,"DTT give access to broader range of channels within the same frequency bandwidth and provides a clearer, sharper picture and superior sound quality",818.000,64
KN,GLENCOE,-28,-9,-4,29,56,51,2829BB,DTT1,Digital Terrestrial Television 1,"DTT give access to broader range of channels within the same frequency bandwidth and provides a clearer, sharper picture and superior sound quality",690.000,48
EC,GRAAFF-REINET,-32,-4,-48,24,27,0,3224AB,DTT1,Digital Terrestrial Television 1,"DTT give access to broader range of channels within the same frequency bandwidth and provides a clearer, sharper picture and superior sound quality",490.000,23
WC,GRABOUW,-34,-6,-7,18,58,0,3418BB,DTT1,Digital Terrestrial Television 1,"DTT give access to broader range of channels within the same frequency bandwidth and provides a clearer, sharper picture and superior sound quality",610.000,38
EC,GRAHAMSTOWN,-33,-17,-15,26,42,31,3326BC,DTT1,Digital Terrestrial Television 1,"DTT give access to broader range of channels within the same frequency bandwidth and provides a clearer, sharper picture and superior sound quality",706.000,50
KN,GREYTOWN,-29,0,-46,30,32,10,2930BA,DTT1,Digital Terrestrial Television 1,"DTT give access to broader range of channels within the same frequency bandwidth and provides a clearer, sharper picture and superior sound quality",770.000,58
KN,GREYTOWNDORP,-29,-2,-8,30,36,49,2930BA,DTT1,Digital Terrestrial Television 1,"DTT give access to broader range of channels within the same frequency bandwidth and provides a clearer, sharper picture and superior sound quality",770.000,58
WC,GROOT BRAKRIVIER,-34,-1,-55,22,12,57,3422AA,DTT1,Digital Terrestrial Television 1,"DTT give access to broader range of channels within the same frequency bandwidth and provides a clearer, sharper picture and superior sound quality",474.000,21
NW,GROOT MARICO,-25,-37,-11,26,26,8,2526CB,DTT1,Digital Terrestrial Television 1,"DTT give access to broader range of channels within the same frequency bandwidth and provides a clearer, sharper picture and superior sound quality",482.000,22
EC,HANKEY,-33,-49,-52,24,52,12,3324DD,DTT1,Digital Terrestrial Television 1,"DTT give access to broader range of channels within the same frequency bandwidth and provides a clearer, sharper picture and superior sound quality",642.000,42
MP,HECTORSPRUIT,-25,-28,-47,31,36,20,2531BC,DTT1,Digital Terrestrial Television 1,"DTT give access to broader range of channels within the same frequency bandwidth and provides a clearer, sharper picture and superior sound quality",546.000,30
GP,HEIDELBERG,-26,-29,-19,28,20,48,2628AD,DTT1,Digital Terrestrial Television 1,"DTT give access to broader range of channels within the same frequency bandwidth and provides a clearer, sharper picture and superior sound quality",642.000,42
GP,HELDERKRUIN,-26,-6,-5,27,51,27,2627BB,DTT1,Digital Terrestrial Television 1,"DTT give access to broader range of channels within the same frequency bandwidth and provides a clearer, sharper picture and superior sound quality",738.000,54
WC,HERMANUS,-34,-24,-48,19,13,18,3419AC,DTT1,Digital Terrestrial Television 1,"DTT give access to broader range of channels within the same frequency bandwidth and provides a clearer, sharper picture and superior sound quality",546.000,30
WC,HEXRIVIER,-33,-30,-54,19,39,23,3319DA,DTT1,Digital Terrestrial Television 1,"DTT give access to broader range of channels within the same frequency bandwidth and provides a clearer, sharper picture and superior sound quality",634.000,41
MP,HOEDSPRUIT,-24,-32,-30,30,52,8,2430DB,DTT1,Digital Terrestrial Television 1,"DTT give access to broader range of channels within the same frequency bandwidth and provides a clearer, sharper picture and superior sound quality",474.000,21
EC,HOLY CROSS,-31,-8,-25,29,29,27,3129BA,DTT1,Digital Terrestrial Television 1,"DTT give access to broader range of channels within the same frequency bandwidth and provides a clearer, sharper picture and superior sound quality",802.000,62
WC,HOUT BAY,-34,0,-46,18,20,51,3418AB,DTT1,Digital Terrestrial Television 1,"DTT give access to broader range of channels within the same frequency bandwidth and provides a clearer, sharper picture and superior sound quality",610.000,38
KN,HOWICK,-29,-30,-13,30,13,52,2930CA,DTT1,Digital Terrestrial Television 1,"DTT give access to broader range of channels within the same frequency bandwidth and provides a clearer, sharper picture and superior sound quality",674.000,46
GP,JOHANNESBURG,-26,-11,-31,28,0,26,2628AA,DTT1,Digital Terrestrial Television 1,"DTT give access to broader range of channels within the same frequency bandwidth and provides a clearer, sharper picture and superior sound quality",738.000,54
EC,KAREEDOUW,-34,-1,-29,24,25,48,3424AB,DTT1,Digital Terrestrial Television 1,"DTT give access to broader range of channels within the same frequency bandwidth and provides a clearer, sharper picture and superior sound quality",626.000,40
FS,KIMBERLEY,-28,-51,-15,24,54,17,2824DD,DTT1,Digital Terrestrial Television 1,"DTT give access to broader range of channels within the same frequency bandwidth and provides a clearer, sharper picture and superior sound quality",530.000,28
EC,KING WILLIAMS TOWN,-32,-40,-44,27,15,36,3227CB,DTT1,Digital Terrestrial Television 1,"DTT give access to broader range of channels within the same frequency bandwidth and provides a clearer, sharper picture and superior sound quality",490.000,23
EC,KIRKWOOD,-33,-23,-22,25,26,51,3325AD,DTT1,Digital Terrestrial Television 1,"DTT give access to broader range of channels within the same frequency bandwidth and provides a clearer, sharper picture and superior sound quality",514.000,26
WC,KLEINMOND,-34,-23,-22,19,8,28,3419AC,DTT1,Digital Terrestrial Television 1,"DTT give access to broader range of channels within the same frequency bandwidth and provides a clearer, sharper picture and superior sound quality",546.000,30
NW,KLERKSDORP,-26,-45,-15,26,24,28,2626CD,DTT1,Digital Terrestrial Television 1,"DTT give access to broader range of channels within the same frequency bandwidth and provides a clearer, sharper picture and superior sound quality",754.000,56
WC,KNYSNA,-34,-4,-17,23,2,31,3423AA,DTT1,Digital Terrestrial Television 1,"DTT give access to broader range of channels within the same frequency bandwidth and provides a clearer, sharper picture and superior sound quality",498.000,24
KN,KOKSTAD,-30,-36,-42,29,29,24,3029CB,DTT1,Digital Terrestrial Television 1,"DTT give access to broader range of channels within the same frequency bandwidth and provides a clearer, sharper picture and superior sound quality",514.000,26
FS,KROONSTAD,-27,-25,-17,27,11,7,2727AC,DTT1,Digital Terrestrial Television 1,"DTT give access to broader range of channels within the same frequency bandwidth and provides a clearer, sharper picture and superior sound quality",506.000,25
NC,KURUMAN,-27,-21,-5,23,18,49,2723AD,DTT1,Digital Terrestrial Television 1,"DTT give access to broader range of channels within the same frequency bandwidth and provides a clearer, sharper picture and superior sound quality",482.000,22
NC,KURUMAN HILLS,-27,-53,-13,23,33,38,2723DC,DTT1,Digital Terrestrial Television 1,"DTT give access to broader range of channels within the same frequency bandwidth and provides a clearer, sharper picture and superior sound quality",490.000,23
WC,LADISMITH (CAPE),-33,-37,-55,21,25,18,3321CB,DTT1,Digital Terrestrial Television 1,"DTT give access to broader range of channels within the same frequency bandwidth and provides a clearer, sharper picture and superior sound quality",474.000,21
FS,LADYBRAND,-29,-10,-18,27,22,42,2927AB,DTT1,Digital Terrestrial Television 1,"DTT give access to broader range of channels within the same frequency bandwidth and provides a clearer, sharper picture and superior sound quality",562.000,32
KN,LADYSMITH,-28,-35,-23,29,47,19,2829DB,DTT1,Digital Terrestrial Television 1,"DTT give access to broader range of channels within the same frequency bandwidth and provides a clearer, sharper picture and superior sound quality",610.000,38
GP,LINMEYER,-26,-16,-8,28,4,16,2628AC,DTT1,Digital Terrestrial Television 1,"DTT give access to broader range of channels within the same frequency bandwidth and provides a clearer, sharper picture and superior sound quality",738.000,54
KN,LOSKOP,28,39,41,29,12,42,2929CA,DTT1,Digital Terrestrial Television 1,"DTT give access to broader range of channels within the same frequency bandwidth and provides a clearer, sharper picture and superior sound quality",682.000,47
LP,LOUIS TRICHARDT,-23,0,-2,29,45,26,2329BB,DTT1,Digital Terrestrial Television 1,"DTT give access to broader range of channels within the same frequency bandwidth and provides a clearer, sharper picture and superior sound quality",514.000,26
KN,LOUWSBURG,-27,-33,-44,31,16,32,2731CB,DTT1,Digital Terrestrial Television 1,"DTT give access to broader range of channels within the same frequency bandwidth and provides a clearer, sharper picture and superior sound quality",674.000,46
MP,LYDENBURG,-25,-6,-20,30,26,3,2530AB,DTT1,Digital Terrestrial Television 1,"DTT give access to broader range of channels within the same frequency bandwidth and provides a clearer, sharper picture and superior sound quality",578.000,34
NW,MADIBOGO,-26,-27,-28,25,15,14,2625AD,DTT1,Digital Terrestrial Television 1,"DTT give access to broader range of channels within the same frequency bandwidth and provides a clearer, sharper picture and superior sound quality",482.000,22
LP,MALAMBA,-22,-53,-56,30,15,9,2230CD,DTT1,Digital Terrestrial Television 1,"DTT give access to broader range of channels within the same frequency bandwidth and provides a clearer, sharper picture and superior sound quality",594.000,36
EC,MATATIELE,-30,-23,-45,28,49,19,3028BD,DTT1,Digital Terrestrial Television 1,"DTT give access to broader range of channels within the same frequency bandwidth and provides a clearer, sharper picture and superior sound quality",674.000,46
WC,MATJIESFONTEIN,-33,-16,-52,20,30,20,3320BC,DTT1,Digital Terrestrial Television 1,"DTT give access to broader range of channels within the same frequency bandwidth and provides a clearer, sharper picture and superior sound quality",682.000,47
MP,MBUZINI,-25,-52,-26,31,54,53,2531DD,DTT1,Digital Terrestrial Television 1,"DTT give access to broader range of channels within the same frequency bandwidth and provides a clearer, sharper picture and superior sound quality",802.000,62
GP,MENLO PARK,-25,-46,-16,28,16,5,2528CD,DTT1,Digital Terrestrial Television 1,"DTT give access to broader range of channels within the same frequency bandwidth and provides a clearer, sharper picture and superior sound quality",738.000,54
MP,MIDDELBURG,-25,-49,-4,29,23,24,2529CD,DTT1,Digital Terrestrial Television 1,"DTT give access to broader range of channels within the same frequency bandwidth and provides a clearer, sharper picture and superior sound quality",786.000,60
GP,MONDEOR,-26,-16,-54,27,59,37,2627BD,DTT1,Digital Terrestrial Television 1,"DTT give access to broader range of channels within the same frequency bandwidth and provides a clearer, sharper picture and superior sound quality",738.000,54
WC,MONTAGU,-33,-47,-16,20,8,35,3320CC,DTT1,Digital Terrestrial Television 1,"DTT give access to broader range of channels within the same frequency bandwidth and provides a clearer, sharper picture and superior sound quality",514.000,26
KN,MOOI RIVER,-29,-11,-7,29,52,4,2929BB,DTT1,Digital Terrestrial Television 1,"DTT give access to broader range of channels within the same frequency bandwidth and provides a clearer, sharper picture and superior sound quality",682.000,47
NW,MOTSWEDI,-25,-16,-55,25,52,18,2525BD,DTT1,Digital Terrestrial Television 1,"DTT give access to broader range of channels within the same frequency bandwidth and provides a clearer, sharper picture and superior sound quality",482.000,22
EC,MOUNT AYLIFF,-30,-50,-11,29,23,41,3029CD,DTT1,Digital Terrestrial Television 1,"DTT give access to broader range of channels within the same frequency bandwidth and provides a clearer, sharper picture and superior sound quality",802.000,62
GP,MULBARTON,-26,-17,-38,28,3,56,2628AC,DTT1,Digital Terrestrial Television 1,"DTT give access to broader range of channels within the same frequency bandwidth and provides a clearer, sharper picture and superior sound quality",738.000,54
WC,NAPIER,-34,-31,-46,19,53,32,3419DB,DTT1,Digital Terrestrial Television 1,"DTT give access to broader range of channels within the same frequency bandwidth and provides a clearer, sharper picture and superior sound quality",642.000,42
MP,NELSPRUIT,-25,-30,-57,30,46,33,2530DB,DTT1,Digital Terrestrial Television 1,"DTT give access to broader range of channels within the same frequency bandwidth and provides a clearer, sharper picture and superior sound quality",738.000,54
KN,NEWCASTLE,-27,-43,-7,29,57,12,2729DB,DTT1,Digital Terrestrial Television 1,"DTT give access to broader range of channels within the same frequency bandwidth and provides a clearer, sharper picture and superior sound quality",602.000,37
EC,NGANGELIZWE,-31,-37,-15,28,48,31,3128DB,DTT1,Digital Terrestrial Television 1,"DTT give access to broader range of channels within the same frequency bandwidth and provides a clearer, sharper picture and superior sound quality",634.000,41
EC,NGQELENI,-31,-45,-57,29,7,34,3129CC,DTT1,Digital Terrestrial Television 1,"DTT give access to broader range of channels within the same frequency bandwidth and provides a clearer, sharper picture and superior sound quality",634.000,41
KN,NONGOMA,-27,-54,-18,31,39,27,2731DC,DTT1,Digital Terrestrial Television 1,"DTT give access to broader range of channels within the same frequency bandwidth and provides a clearer, sharper picture and superior sound quality",570.000,33
EC,NOUPOORT,-31,-18,-14,24,56,1,3124BD,DTT1,Digital Terrestrial Television 1,"DTT give access to broader range of channels within the same frequency bandwidth and provides a clearer, sharper picture and superior sound quality",490.000,23
KN,NQUTU,-28,-15,-43,30,40,42,2830BC,DTT1,Digital Terrestrial Television 1,"DTT give access to broader range of channels within the same frequency bandwidth and provides a clearer, sharper picture and superior sound quality",810.000,63
LP,NYLSTROOM,-24,-47,-58,28,25,59,2428CD,DTT1,Digital Terrestrial Television 1,"DTT give access to broader range of channels within the same frequency bandwidth and provides a clearer, sharper picture and superior sound quality",482.000,22
WC,OUDTSHOORN,-33,-40,-17,22,16,1,3322CB,DTT1,Digital Terrestrial Television 1,"DTT give access to broader range of channels within the same frequency bandwidth and provides a clearer, sharper picture and superior sound quality",474.000,21
KN,OVERPORT,-29,-50,-12,30,59,44,2930DD,DTT1,Digital Terrestrial Television 1,"DTT give access to broader range of channels within the same frequency bandwidth and provides a clearer, sharper picture and superior sound quality",674.000,46
WC,PAARL,-33,-42,-51,18,56,23,3318DB,DTT1,Digital Terrestrial Television 1,"DTT give access to broader range of channels within the same frequency bandwidth and provides a clearer, sharper picture and superior sound quality",610.000,38
EC,PATENSIE,-33,-45,-35,24,49,42,3324DD,DTT1,Digital Terrestrial Television 1,"DTT give access to broader range of channels within the same frequency bandwidth and provides a clearer, sharper picture and superior sound quality",690.000,48
EC,PAUL SAUER DAM,-33,-45,-13,24,33,43,3324DC,DTT1,Digital Terrestrial Television 1,"DTT give access to broader range of channels within the same frequency bandwidth and provides a clearer, sharper picture and superior sound quality",586.000,35
FS,PETRUS STEYN,-27,-31,9,28,19,6,2728CB,DTT1,Digital Terrestrial Television 1,"DTT give access to broader range of channels within the same frequency bandwidth and provides a clearer, sharper picture and superior sound quality",594.000,36
NW,PIET PLESSIS,-26,-14,-56,24,49,55,2624BB,DTT1,Digital Terrestrial Television 1,"DTT give access to broader range of channels within the same frequency bandwidth and provides a clearer, sharper picture and superior sound quality",482.000,22
MP,PIET RETIEF,-27,-1,-11,30,41,3,2730BA,DTT1,Digital Terrestrial Television 1,"DTT give access to broader range of channels within the same frequency bandwidth and provides a clearer, sharper picture and superior sound quality",754.000,56
KN,PIETERMARITZBURG,-29,-34,-47,30,19,49,2930CB,DTT1,Digital Terrestrial Television 1,"DTT give access to broader range of channels within the same frequency bandwidth and provides a clearer, sharper picture and superior sound quality",674.000,46
WC,PIKETBERG,-32,-49,-9,18,44,17,3218DC,DTT1,Digital Terrestrial Television 1,"DTT give access to broader range of channels within the same frequency bandwidth and provides a clearer, sharper picture and superior sound quality",538.000,29
WC,PLETTENBERG BAY,-34,-3,-34,23,22,25,3423AB,DTT1,Digital Terrestrial Television 1,"DTT give access to broader range of channels within the same frequency bandwidth and provides a clearer, sharper picture and superior sound quality",474.000,21
NC,POFADDER,-29,-14,-31,18,56,22,2918BB,DTT1,Digital Terrestrial Television 1,"DTT give access to broader range of channels within the same frequency bandwidth and provides a clearer, sharper picture and superior sound quality",490.000,23
NW,POMFRET,-25,-49,-52,23,34,44,2523DC,DTT1,Digital Terrestrial Television 1,"DTT give access to broader range of channels within the same frequency bandwidth and provides a clearer, sharper picture and superior sound quality",482.000,22
KN,PONGOLA,-27,-31,-34,31,39,0,2731DA,DTT1,Digital Terrestrial Television 1,"DTT give access to broader range of channels within the same frequency bandwidth and provides a clearer, sharper picture and superior sound quality",618.000,39
EC,PORT ELIZABETH,-33,-56,-10,25,26,27,3325CD,DTT1,Digital Terrestrial Television 1,"DTT give access to broader range of channels within the same frequency bandwidth and provides a clearer, sharper picture and superior sound quality",666.000,45
EC,PORT ELIZABETH CITY,-33,-55,-28,25,35,29,3325DC,DTT1,Digital Terrestrial Television 1,"DTT give access to broader range of channels within the same frequency bandwidth and provides a clearer, sharper picture and superior sound quality",666.000,45
KN,PORT SHEPSTONE,-30,-44,-8,30,17,18,3030CB,DTT1,Digital Terrestrial Television 1,"DTT give access to broader range of channels within the same frequency bandwidth and provides a clearer, sharper picture and superior sound quality",626.000,40
EC,PORT ST JOHNS,-31,-36,-39,29,31,39,3129DA,DTT1,Digital Terrestrial Television 1,"DTT give access to broader range of channels within the same frequency bandwidth and provides a clearer, sharper picture and superior sound quality",634.000,41
LP,POTGIETERSRUS,-24,-9,-24,29,14,10,2429AA,DTT1,Digital Terrestrial Television 1,"DTT give access to broader range of channels within the same frequency bandwidth and provides a clearer, sharper picture and superior sound quality",690.000,48
GP,PRETORIA,-25,-41,-21,27,59,2,2527DB,DTT1,Digital Terrestrial Television 1,"DTT give access to broader range of channels within the same frequency bandwidth and provides a clearer, sharper picture and superior sound quality",738.000,54
GP,PRETORIA NORTH,-25,-41,-29,28,10,2,2528CA,DTT1,Digital Terrestrial Television 1,"DTT give access to broader range of channels within the same frequency bandwidth and provides a clearer, sharper picture and superior sound quality",738.000,54
KN,QUDENI,-28,-38,-3,30,51,59,283DB,DTT1,Digital Terrestrial Television 1,"DTT give access to broader range of channels within the same frequency bandwidth and provides a clearer, sharper picture and superior sound quality",786.000,60
EC,QUEENSTOWN,-31,-43,-56,26,47,5,3126DB,DTT1,Digital Terrestrial Television 1,"DTT give access to broader range of channels within the same frequency bandwidth and provides a clearer, sharper picture and superior sound quality",514.000,26
WC,RIVERSDALE,-34,-1,-8,21,7,39,3421AA,DTT1,Digital Terrestrial Television 1,"DTT give access to broader range of channels within the same frequency bandwidth and provides a clearer, sharper picture and superior sound quality",474.000,21
NW,RUSTENBURG,-25,-36,-59,27,7,5,2527CA,DTT1,Digital Terrestrial Television 1,"DTT give access to broader range of channels within the same frequency bandwidth and provides a clearer, sharper picture and superior sound quality",666.000,45
MP,SABIE,-25,-7,-46,30,45,35,2530BB,DTT1,Digital Terrestrial Television 1,"DTT give access to broader range of channels within the same frequency bandwidth and provides a clearer, sharper picture and superior sound quality",490.000,23
NW,SCHWEIZER RENEKE,-27,-8,-13,25,13,7,2725AA,DTT1,Digital Terrestrial Television 1,"DTT give access to broader range of channels within the same frequency bandwidth and provides a clearer, sharper picture and superior sound quality",482.000,22
WC,SEA POINT,-33,-54,-33,18,23,51,3318CD,DTT1,Digital Terrestrial Television 1,"DTT give access to broader range of channels within the same frequency bandwidth and provides a clearer, sharper picture and superior sound quality",610.000,38
FS,SENEKAL,-28,-15,-19,27,30,26,2827BC,DTT1,Digital Terrestrial Television 1,"DTT give access to broader range of channels within the same frequency bandwidth and provides a clearer, sharper picture and superior sound quality",706.000,50
LP,SIBASA,-22,-56,-57,30,26,54,2230CD,DTT1,Digital Terrestrial Television 1,"DTT give access to broader range of channels within the same frequency bandwidth and provides a clearer, sharper picture and superior sound quality",594.000,36
WC,SIMONSTOWN,-34,-11,-55,18,25,36,3418AB,DTT1,Digital Terrestrial Television 1,"DTT give access to broader range of channels within the same frequency bandwidth and provides a clearer, sharper picture and superior sound quality",610.000,38
EC,SOMERSET EAST,-32,-42,-45,25,34,41,3225DA,DTT1,Digital Terrestrial Television 1,"DTT give access to broader range of channels within the same frequency bandwidth and provides a clearer, sharper picture and superior sound quality",698.000,49
NC,SPRINGBOK,-29,-35,-4,17,48,27,2917DB,DTT1,Digital Terrestrial Television 1,"DTT give access to broader range of channels within the same frequency bandwidth and provides a clearer, sharper picture and superior sound quality",490.000,23
FS,SPRINGFONTEIN,-30,-16,-14,25,46,8,3025BD,DTT1,Digital Terrestrial Television 1,"DTT give access to broader range of channels within the same frequency bandwidth and provides a clearer, sharper picture and superior sound quality",642.000,42
MP,STANDERTON,-26,-57,-37,29,12,51,2629CC,DTT1,Digital Terrestrial Television 1,"DTT give access to broader range of channels within the same frequency bandwidth and provides a clearer, sharper picture and superior sound quality",642.000,42
WC,STELLENBOSCH,-33,-54,-59,18,52,10,3318DD,DTT1,Digital Terrestrial Television 1,"DTT give access to broader range of channels within the same frequency bandwidth and provides a clearer, sharper picture and superior sound quality",610.000,38
EC,STERKSPRUIT,-30,-41,-44,27,16,14,3027CB,DTT1,Digital Terrestrial Television 1,"DTT give access to broader range of channels within the same frequency bandwidth and provides a clearer, sharper picture and superior sound quality",666.000,45
KN,STRAALHOEK,-30,-20,-49,29,50,53,3029BD,DTT1,Digital Terrestrial Television 1,"DTT give access to broader range of channels within the same frequency bandwidth and provides a clearer, sharper picture and superior sound quality",714.000,51
FS,SUIDRAND (KROONSTAD),-27,-41,-18,27,14,16,2727CA,DTT1,Digital Terrestrial Television 1,"DTT give access to broader range of channels within the same frequency bandwidth and provides a clearer, sharper picture and superior sound quality",506.000,25
GP,SUNNYSIDE,-25,-45,-58,28,12,21,2528CC,DTT1,Digital Terrestrial Television 1,"DTT give access to broader range of channels within the same frequency bandwidth and provides a clearer, sharper picture and superior sound quality",738.000,54
NW,SUPINGSTAD,-24,-47,-24,26,1,35,2426CC,DTT1,Digital Terrestrial Television 1,"DTT give access to broader range of channels within the same frequency bandwidth and provides a clearer, sharper picture and superior sound quality",482.000,22
EC,SUURBERG,-33,-14,-55,25,34,27,3325BA,DTT1,Digital Terrestrial Television 1,"DTT give access to broader range of channels within the same frequency bandwidth and provides a clearer, sharper picture and superior sound quality",610.000,38
NW,SWARTRUGGENS,-25,-40,-59,26,48,9,2526DB,DTT1,Digital Terrestrial Television 1,"DTT give access to broader range of channels within the same frequency bandwidth and provides a clearer, sharper picture and superior sound quality",482.000,22
WC,TABLE MOUNTAIN,-33,-57,-26,18,24,11,3318CD,DTT1,Digital Terrestrial Television 1,"DTT give access to broader range of channels within the same frequency bandwidth and provides a clearer, sharper picture and superior sound quality",610.000,38
NW,TAUNG,-27,-31,-47,24,37,26,2724DA,DTT1,Digital Terrestrial Television 1,"DTT give access to broader range of channels within the same frequency bandwidth and provides a clearer, sharper picture and superior sound quality",482.000,22
LP,THABAZIMBI,-24,-27,-59,27,36,51,2427BC,DTT1,Digital Terrestrial Television 1,"DTT give access to broader range of channels within the same frequency bandwidth and provides a clearer, sharper picture and superior sound quality",674.000,46
KN,THE BLUFF,-29,-54,-42,31,0,44,2931CC,DTT1,Digital Terrestrial Television 1,"DTT give access to broader range of channels within the same frequency bandwidth and provides a clearer, sharper picture and superior sound quality",674.000,46
FS,THEUNISSEN,-28,-11,-55,26,34,50,2826BA,DTT1,Digital Terrestrial Television 1,"DTT give access to broader range of channels within the same frequency bandwidth and provides a clearer, sharper picture and superior sound quality",546.000,30
LP,TOLWE,-23,-4,-59,28,27,29,2328AB,DTT1,Digital Terrestrial Television 1,"DTT give access to broader range of channels within the same frequency bandwidth and provides a clearer, sharper picture and superior sound quality",682.000,47
WC,TOUWSRIVIER,-33,-20,-59,20,1,12,3320AC,DTT1,Digital Terrestrial Television 1,"DTT give access to broader range of channels within the same frequency bandwidth and provides a clearer, sharper picture and superior sound quality",562.000,32
LP,TSHAMAVUDZI,-22,-39,-15,30,31,42,2230DA,DTT1,Digital Terrestrial Television 1,"DTT give access to broader range of channels within the same frequency bandwidth and provides a clearer, sharper picture and superior sound quality",594.000,36
WC,TYGERBERG,-33,-52,-31,18,35,44,3318DC,DTT1,Digital Terrestrial Television 1,"DTT give access to broader range of channels within the same frequency bandwidth and provides a clearer, sharper picture and superior sound quality",610.000,38
LP,TZANEEN,-23,-47,-6,30,0,17,2330CC,DTT1,Digital Terrestrial Television 1,"DTT give access to broader range of channels within the same frequency bandwidth and provides a clearer, sharper picture and superior sound quality",770.000,58
KN,UBOMBO,-27,-33,-42,32,4,52,2732CA,DTT1,Digital Terrestrial Television 1,"DTT give access to broader range of channels within the same frequency bandwidth and provides a clearer, sharper picture and superior sound quality",730.000,53
EC,UGIE,-31,-11,-28,27,58,26,3127BB,DTT1,Digital Terrestrial Television 1,"DTT give access to broader range of channels within the same frequency bandwidth and provides a clearer, sharper picture and superior sound quality",618.000,39
KN,ULUNDI,-28,-27,0,31,23,38,2831AD,DTT1,Digital Terrestrial Television 1,"DTT give access to broader range of channels within the same frequency bandwidth and provides a clearer, sharper picture and superior sound quality",786.000,60
EC,UMTATA,-31,-35,-48,28,44,36,3128DA,DTT1,Digital Terrestrial Television 1,"DTT give access to broader range of channels within the same frequency bandwidth and provides a clearer, sharper picture and superior sound quality",634.000,41
WC,UNIONDALE,-33,-43,-24,23,3,2,3323CA,DTT1,Digital Terrestrial Television 1,"DTT give access to broader range of channels within the same frequency bandwidth and provides a clearer, sharper picture and superior sound quality",474.000,21
WC,UNIONDALE TOWN,-33,-38,-49,23,7,34,3323CA,DTT1,Digital Terrestrial Television 1,"DTT give access to broader range of channels within the same frequency bandwidth and provides a clearer, sharper picture and superior sound quality",594.000,36
NC,UPINGTON TOWN,-28,-30,-25,21,12,0,2821CA,DTT1,Digital Terrestrial Television 1,"DTT give access to broader range of channels within the same frequency bandwidth and provides a clearer, sharper picture and superior sound quality",490.000,23
WC,VANRHYNSDORP,-31,-45,-17,18,41,22,3118DC,DTT1,Digital Terrestrial Television 1,"DTT give access to broader range of channels within the same frequency bandwidth and provides a clearer, sharper picture and superior sound quality",474.000,21
KN,VERULAM,-29,-38,-25,31,2,19,2931CA,DTT1,Digital Terrestrial Television 1,"DTT give access to broader range of channels within the same frequency bandwidth and provides a clearer, sharper picture and superior sound quality",554.000,31
NC,VICTORIA WEST,-31,-41,-15,23,13,50,3123CA,DTT1,Digital Terrestrial Television 1,"DTT give access to broader range of channels within the same frequency bandwidth and provides a clearer, sharper picture and superior sound quality",650.000,43
WC,VILLIERSDORP,-33,-58,-10,19,30,22,3319DC,DTT1,Digital Terrestrial Television 1,"DTT give access to broader range of channels within the same frequency bandwidth and provides a clearer, sharper picture and superior sound quality",730.000,53
MP,VOLKSRUST,-27,-18,-33,29,53,15,2729BD,DTT1,Digital Terrestrial Television 1,"DTT give access to broader range of channels within the same frequency bandwidth and provides a clearer, sharper picture and superior sound quality",770.000,58
KN,VRYHEID,-27,-44,-27,30,47,38,2730DB,DTT1,Digital Terrestrial Television 1,"DTT give access to broader range of channels within the same frequency bandwidth and provides a clearer, sharper picture and superior sound quality",514.000,26
GP,WELVERDIEND,-26,-26,-48,27,14,53,2627AC,DTT1,Digital Terrestrial Television 1,"DTT give access to broader range of channels within the same frequency bandwidth and provides a clearer, sharper picture and superior sound quality",490.000,23
EC,WILLOWMORE,-33,-14,-5,23,27,36,3323AB,DTT1,Digital Terrestrial Television 1,"DTT give access to broader range of channels within the same frequency bandwidth and provides a clearer, sharper picture and superior sound quality",490.000,23
FS,WITSIESHOEK,-28,-31,-4,28,50,49,2828DB,DTT1,Digital Terrestrial Television 1,"DTT give access to broader range of channels within the same frequency bandwidth and provides a clearer, sharper picture and superior sound quality",578.000,34
NW,ZEERUST,-25,-51,-37,26,2,51,2526CC,DTT1,Digital Terrestrial Television 1,"DTT give access to broader range of channels within the same frequency bandwidth and provides a clearer, sharper picture and superior sound quality",482.000,22
NC,ALEXANDER BAY,-28,-36,-39,16,29,55,2816CB,DTT2,Digital Terrestrial Television 2,"DTT give access to broader range of channels within the same frequency bandwidth and provides a clearer, sharper picture and superior sound quality",538.000,29
WC,AURORA,-33,-49,-39,18,38,29,3318DC,DTT2,Digital Terrestrial Television 2,"DTT give access to broader range of channels within the same frequency bandwidth and provides a clearer, sharper picture and superior sound quality",706.000,50
FS,BETHLEHEM,-28,-14,-10,28,29,58,2828AB,DTT2,Digital Terrestrial Television 2,"DTT give access to broader range of channels within the same frequency bandwidth and provides a clearer, sharper picture and superior sound quality",554.000,31
GP,BEZ VALLEY,-26,-11,-41,28,5,0,2628AA,DTT2,Digital Terrestrial Television 2,"DTT give access to broader range of channels within the same frequency bandwidth and provides a clearer, sharper picture and superior sound quality",770.000,58
FS,BLOEMFONTEIN,-29,-6,-4,26,13,44,2926AA,DTT2,Digital Terrestrial Television 2,"DTT give access to broader range of channels within the same frequency bandwidth and provides a clearer, sharper picture and superior sound quality",746.000,55
FS,BOESMANSKOP,-30,0,-29,27,12,53,3027AA,DTT2,Digital Terrestrial Television 2,"DTT give access to broader range of channels within the same frequency bandwidth and provides a clearer, sharper picture and superior sound quality",538.000,29
EC,BUTTERWORTH,-32,-16,-35,28,12,24,3228AC,DTT2,Digital Terrestrial Television 2,"DTT give access to broader range of channels within the same frequency bandwidth and provides a clearer, sharper picture and superior sound quality",522.000,27
WC,CAPE TOWN,-34,-3,-18,18,23,11,3418AB,DTT2,Digital Terrestrial Television 2,"DTT give access to broader range of channels within the same frequency bandwidth and provides a clearer, sharper picture and superior sound quality",706.000,50
MP,CAROLINA,-26,-10,-37,30,37,57,2630BA,DTT2,Digital Terrestrial Television 2,"DTT give access to broader range of channels within the same frequency bandwidth and provides a clearer, sharper picture and superior sound quality",834.000,66
WC,CLIFTON,-33,-56,-31,18,22,36,3318CD,DTT2,Digital Terrestrial Television 2,"DTT give access to broader range of channels within the same frequency bandwidth and provides a clearer, sharper picture and superior sound quality",538.000,29
MP,DAVEL,-26,-27,-30,29,37,26,2629BC,DTT2,Digital Terrestrial Television 2,"DTT give access to broader range of channels within the same frequency bandwidth and provides a clearer, sharper picture and superior sound quality",658.000,44
EC,DESPATCH,-33,-45,-53,25,25,29,3325CD,DTT2,Digital Terrestrial Television 2,"DTT give access to broader range of channels within the same frequency bandwidth and provides a clearer, sharper picture and superior sound quality",698.000,49
KN,DONNYBROOK,-29,-54,-56,29,51,19,2929DD,DTT2,Digital Terrestrial Television 2,"DTT give access to broader range of channels within the same frequency bandwidth and provides a clearer, sharper picture and superior sound quality",850.000,68
KN,DURBAN,-29,-46,-12,30,43,0,2930DC,DTT2,Digital Terrestrial Television 2,"DTT give access to broader range of channels within the same frequency bandwidth and provides a clearer, sharper picture and superior sound quality",706.000,50
EC,EAST LONDON,-32,-56,-20,27,48,56,3227DD,DTT2,Digital Terrestrial Television 2,"DTT give access to broader range of channels within the same frequency bandwidth and provides a clearer, sharper picture and superior sound quality",802.000,62
KN,EMPANGENI,-28,-44,-38,31,53,31,2831DB,DTT2,Digital Terrestrial Television 2,"DTT give access to broader range of channels within the same frequency bandwidth and provides a clearer, sharper picture and superior sound quality",754.000,56
KN,ESHOWE,-28,-51,-29,31,17,37,2831CD,DTT2,Digital Terrestrial Television 2,"DTT give access to broader range of channels within the same frequency bandwidth and provides a clearer, sharper picture and superior sound quality",754.000,56
WC,FISHHOEK,-34,-8,-59,18,26,8,3418AB,DTT2,Digital Terrestrial Television 2,"DTT give access to broader range of channels within the same frequency bandwidth and provides a clearer, sharper picture and superior sound quality",706.000,50
WC,FRANSCHHOEK,-33,-54,-26,19,4,23,3319CC,DTT2,Digital Terrestrial Television 2,"DTT give access to broader range of channels within the same frequency bandwidth and provides a clearer, sharper picture and superior sound quality",706.000,50
WC,GEORGE,-33,-55,-38,22,27,3,3322CD,DTT2,Digital Terrestrial Television 2,"DTT give access to broader range of channels within the same frequency bandwidth and provides a clearer, sharper picture and superior sound quality",850.000,68
KN,GLENCOE,-28,-9,-4,29,56,51,2829BB,DTT2,Digital Terrestrial Television 2,"DTT give access to broader range of channels within the same frequency bandwidth and provides a clearer, sharper picture and superior sound quality",722.000,52
WC,GRABOUW,-34,-6,-7,18,58,0,3418BB,DTT2,Digital Terrestrial Television 2,"DTT give access to broader range of channels within the same frequency bandwidth and provides a clearer, sharper picture and superior sound quality",706.000,50
EC,GRAHAMSTOWN,-33,-17,-15,26,42,31,3326BC,DTT2,Digital Terrestrial Television 2,"DTT give access to broader range of channels within the same frequency bandwidth and provides a clearer, sharper picture and superior sound quality",674.000,46
KN,GREYTOWN,-29,0,-46,30,32,10,2930BA,DTT2,Digital Terrestrial Television 2,"DTT give access to broader range of channels within the same frequency bandwidth and provides a clearer, sharper picture and superior sound quality",802.000,62
GP,HEIDELBERG,-26,-29,-19,28,20,48,2628AD,DTT2,Digital Terrestrial Television 2,"DTT give access to broader range of channels within the same frequency bandwidth and provides a clearer, sharper picture and superior sound quality",706.000,50
GP,HELDERKRUIN,-26,-6,-5,27,51,27,2627BB,DTT2,Digital Terrestrial Television 2,"DTT give access to broader range of channels within the same frequency bandwidth and provides a clearer, sharper picture and superior sound quality",770.000,58
WC,HERMANUS,-34,-24,-48,19,13,18,3419AC,DTT2,Digital Terrestrial Television 2,"DTT give access to broader range of channels within the same frequency bandwidth and provides a clearer, sharper picture and superior sound quality",514.000,26
MP,HOEDSPRUIT,-24,-32,-30,30,52,8,2430DB,DTT2,Digital Terrestrial Television 2,"DTT give access to broader range of channels within the same frequency bandwidth and provides a clearer, sharper picture and superior sound quality",506.000,25
WC,HOUT BAY,-34,0,-46,18,20,51,3418AB,DTT2,Digital Terrestrial Television 2,"DTT give access to broader range of channels within the same frequency bandwidth and provides a clearer, sharper picture and superior sound quality",706.000,50
GP,JOHANNESBURG,-26,-11,-31,28,0,26,2628AA,DTT2,Digital Terrestrial Television 2,"DTT give access to broader range of channels within the same frequency bandwidth and provides a clearer, sharper picture and superior sound quality",770.000,58
FS,KIMBERLEY,-28,-51,-15,24,54,17,2824DD,DTT2,Digital Terrestrial Television 2,"DTT give access to broader range of channels within the same frequency bandwidth and provides a clearer, sharper picture and superior sound quality",594.000,36
EC,KING WILLIAMS TOWN,-32,-40,-44,27,15,36,3227CB,DTT2,Digital Terrestrial Television 2,"DTT give access to broader range of channels within the same frequency bandwidth and provides a clearer, sharper picture and superior sound quality",522.000,27
NW,KLERKSDORP,-26,-45,-15,26,24,28,2626CD,DTT2,Digital Terrestrial Television 2,"DTT give access to broader range of channels within the same frequency bandwidth and provides a clearer, sharper picture and superior sound quality",786.000,60
WC,KNYSNA,-34,-4,-17,23,2,31,3423AA,DTT2,Digital Terrestrial Television 2,"DTT give access to broader range of channels within the same frequency bandwidth and provides a clearer, sharper picture and superior sound quality",530.000,28
KN,KOKSTAD,-30,-36,-42,29,29,24,3029CB,DTT2,Digital Terrestrial Television 2,"DTT give access to broader range of channels within the same frequency bandwidth and provides a clearer, sharper picture and superior sound quality",546.000,30
FS,KROONSTAD,-27,-25,-17,27,11,7,2727AC,DTT2,Digital Terrestrial Television 2,"DTT give access to broader range of channels within the same frequency bandwidth and provides a clearer, sharper picture and superior sound quality",538.000,29
NC,KURUMAN HILLS,-27,-53,-13,23,33,38,2723DC,DTT2,Digital Terrestrial Television 2,"DTT give access to broader range of channels within the same frequency bandwidth and provides a clearer, sharper picture and superior sound quality",522.000,27
FS,LADYBRAND,-29,-10,-18,27,22,42,2927AB,DTT2,Digital Terrestrial Television 2,"DTT give access to broader range of channels within the same frequency bandwidth and provides a clearer, sharper picture and superior sound quality",594.000,36
KN,LADYSMITH,-28,-35,-23,29,47,19,2829DB,DTT2,Digital Terrestrial Television 2,"DTT give access to broader range of channels within the same frequency bandwidth and provides a clearer, sharper picture and superior sound quality",674.000,46
GP,LINMEYER,-26,-16,-8,28,4,16,2628AC,DTT2,Digital Terrestrial Television 2,"DTT give access to broader range of channels within the same frequency bandwidth and provides a clearer, sharper picture and superior sound quality",770.000,58
LP,LOUIS TRICHARDT,-23,0,-2,29,45,26,2329BB,DTT2,Digital Terrestrial Television 2,"DTT give access to broader range of channels within the same frequency bandwidth and provides a clearer, sharper picture and superior sound quality",546.000,30
EC,MATATIELE,-30,-23,-45,28,49,19,3028BD,DTT2,Digital Terrestrial Television 2,"DTT give access to broader range of channels within the same frequency bandwidth and provides a clearer, sharper picture and superior sound quality",706.000,50
GP,MENLO PARK,-25,-46,-16,28,16,5,2528CD,DTT2,Digital Terrestrial Television 2,"DTT give access to broader range of channels within the same frequency bandwidth and provides a clearer, sharper picture and superior sound quality",770.000,58
MP,MIDDELBURG,-25,-49,-4,29,23,24,2529CD,DTT2,Digital Terrestrial Television 2,"DTT give access to broader range of channels within the same frequency bandwidth and provides a clearer, sharper picture and superior sound quality",754.000,56
GP,MONDEOR,-26,-16,-54,27,59,37,2627BD,DTT2,Digital Terrestrial Television 2,"DTT give access to broader range of channels within the same frequency bandwidth and provides a clearer, sharper picture and superior sound quality",770.000,58
KN,MOOI RIVER,-29,-11,-7,29,52,4,2929BB,DTT2,Digital Terrestrial Television 2,"DTT give access to broader range of channels within the same frequency bandwidth and provides a clearer, sharper picture and superior sound quality",842.000,67
EC,MOUNT AYLIFF,-30,-50,-11,29,23,41,3029CD,DTT2,Digital Terrestrial Television 2,"DTT give access to broader range of channels within the same frequency bandwidth and provides a clearer, sharper picture and superior sound quality",818.000,64
GP,MULBARTON,-26,-17,-38,28,3,56,2628AC,DTT2,Digital Terrestrial Television 2,"DTT give access to broader range of channels within the same frequency bandwidth and provides a clearer, sharper picture and superior sound quality",770.000,58
MP,NELSPRUIT,-25,-30,-57,30,46,33,2530DB,DTT2,Digital Terrestrial Television 2,"DTT give access to broader range of channels within the same frequency bandwidth and provides a clearer, sharper picture and superior sound quality",770.000,58
KN,NEWCASTLE,-27,-43,-7,29,57,12,2729DB,DTT2,Digital Terrestrial Television 2,"DTT give access to broader range of channels within the same frequency bandwidth and provides a clearer, sharper picture and superior sound quality",634.000,41
EC,NGANGELIZWE,-31,-37,-15,28,48,31,3128DB,DTT2,Digital Terrestrial Television 2,"DTT give access to broader range of channels within the same frequency bandwidth and provides a clearer, sharper picture and superior sound quality",578.000,34
KN,NONGOMA,-27,-54,-18,31,39,27,2731DC,DTT2,Digital Terrestrial Television 2,"DTT give access to broader range of channels within the same frequency bandwidth and provides a clearer, sharper picture and superior sound quality",554.000,31
WC,OUDTSHOORN,-33,-40,-17,22,16,1,3322CB,DTT2,Digital Terrestrial Television 2,"DTT give access to broader range of channels within the same frequency bandwidth and provides a clearer, sharper picture and superior sound quality",506.000,25
KN,OVERPORT,-29,-50,-12,30,59,44,2930DD,DTT2,Digital Terrestrial Television 2,"DTT give access to broader range of channels within the same frequency bandwidth and provides a clearer, sharper picture and superior sound quality",706.000,50
WC,PAARL,-33,-42,-51,18,56,23,3318DB,DTT2,Digital Terrestrial Television 2,"DTT give access to broader range of channels within the same frequency bandwidth and provides a clearer, sharper picture and superior sound quality",706.000,50
FS,PETRUS STEYN,-27,-31,9,28,19,6,2728CB,DTT2,Digital Terrestrial Television 2,"DTT give access to broader range of channels within the same frequency bandwidth and provides a clearer, sharper picture and superior sound quality",578.000,34
NW,PIET PLESSIS,-26,-14,-56,24,49,55,2624BB,DTT2,Digital Terrestrial Television 2,"DTT give access to broader range of channels within the same frequency bandwidth and provides a clearer, sharper picture and superior sound quality",490.000,23
MP,PIET RETIEF,-27,-1,-11,30,41,3,2730BA,DTT2,Digital Terrestrial Television 2,"DTT give access to broader range of channels within the same frequency bandwidth and provides a clearer, sharper picture and superior sound quality",786.000,60
KN,PIETERMARITZBURG,-29,-34,-47,30,19,49,2930CB,DTT2,Digital Terrestrial Television 2,"DTT give access to broader range of channels within the same frequency bandwidth and provides a clearer, sharper picture and superior sound quality",706.000,50
WC,PIKETBERG,-32,-49,-9,18,44,17,3218DC,DTT2,Digital Terrestrial Television 2,"DTT give access to broader range of channels within the same frequency bandwidth and provides a clearer, sharper picture and superior sound quality",554.000,31
WC,PLETTENBERG BAY,-34,-3,-34,23,22,25,3423AB,DTT2,Digital Terrestrial Television 2,"DTT give access to broader range of channels within the same frequency bandwidth and provides a clearer, sharper picture and superior sound quality",506.000,25
KN,PONGOLA,-27,-31,-34,31,39,0,2731DA,DTT2,Digital Terrestrial Television 2,"DTT give access to broader range of channels within the same frequency bandwidth and provides a clearer, sharper picture and superior sound quality",650.000,43
EC,PORT ELIZABETH,-33,-56,-10,25,26,27,3325CD,DTT2,Digital Terrestrial Television 2,"DTT give access to broader range of channels within the same frequency bandwidth and provides a clearer, sharper picture and superior sound quality",698.000,49
EC,PORT ELIZABETH CITY,-33,-55,-28,25,35,29,3325DC,DTT2,Digital Terrestrial Television 2,"DTT give access to broader range of channels within the same frequency bandwidth and provides a clearer, sharper picture and superior sound quality",698.000,49
KN,PORT SHEPSTONE,-30,-44,-8,30,17,18,3030CB,DTT2,Digital Terrestrial Television 2,"DTT give access to broader range of channels within the same frequency bandwidth and provides a clearer, sharper picture and superior sound quality",658.000,44
EC,PORT ST JOHNS,-31,-36,-39,29,31,39,3129DA,DTT2,Digital Terrestrial Television 2,"DTT give access to broader range of channels within the same frequency bandwidth and provides a clearer, sharper picture and superior sound quality",578.000,34
LP,POTGIETERSRUS,-24,-9,-24,29,14,10,2429AA,DTT2,Digital Terrestrial Television 2,"DTT give access to broader range of channels within the same frequency bandwidth and provides a clearer, sharper picture and superior sound quality",722.000,52
GP,PRETORIA,-25,-41,-21,27,59,2,2527DB,DTT2,Digital Terrestrial Television 2,"DTT give access to broader range of channels within the same frequency bandwidth and provides a clearer, sharper picture and superior sound quality",770.000,58
GP,PRETORIA NORTH,-25,-41,-29,28,10,2,2528CA,DTT2,Digital Terrestrial Television 2,"DTT give access to broader range of channels within the same frequency bandwidth and provides a clearer, sharper picture and superior sound quality",770.000,58
NW,RUSTENBURG,-25,-36,-59,27,7,5,2527CA,DTT2,Digital Terrestrial Television 2,"DTT give access to broader range of channels within the same frequency bandwidth and provides a clearer, sharper picture and superior sound quality",730.000,53
MP,SABIE,-25,-7,-46,30,45,35,2530BB,DTT2,Digital Terrestrial Television 2,"DTT give access to broader range of channels within the same frequency bandwidth and provides a clearer, sharper picture and superior sound quality",522.000,27
NW,SCHWEIZER RENEKE,-27,-8,-13,25,13,7,2725AA,DTT2,Digital Terrestrial Television 2,"DTT give access to broader range of channels within the same frequency bandwidth and provides a clearer, sharper picture and superior sound quality",514.000,26
WC,SEA POINT,-33,-54,-33,18,23,51,3318CD,DTT2,Digital Terrestrial Television 2,"DTT give access to broader range of channels within the same frequency bandwidth and provides a clearer, sharper picture and superior sound quality",706.000,50
FS,SENEKAL,-28,-15,-19,27,30,26,2827BC,DTT2,Digital Terrestrial Television 2,"DTT give access to broader range of channels within the same frequency bandwidth and provides a clearer, sharper picture and superior sound quality",738.000,54
LP,SIBASA,-22,-56,-57,30,26,54,2230CD,DTT2,Digital Terrestrial Television 2,"DTT give access to broader range of channels within the same frequency bandwidth and provides a clearer, sharper picture and superior sound quality",562.000,32
WC,SIMONSTOWN,-34,-11,-55,18,25,36,3418AB,DTT2,Digital Terrestrial Television 2,"DTT give access to broader range of channels within the same frequency bandwidth and provides a clearer, sharper picture and superior sound quality",706.000,50
MP,STANDERTON,-26,-57,-37,29,12,51,2629CC,DTT2,Digital Terrestrial Television 2,"DTT give access to broader range of channels within the same frequency bandwidth and provides a clearer, sharper picture and superior sound quality",674.000,46
WC,STELLENBOSCH,-33,-54,-59,18,52,10,3318DD,DTT2,Digital Terrestrial Television 2,"DTT give access to broader range of channels within the same frequency bandwidth and provides a clearer, sharper picture and superior sound quality",706.000,50
FS,SUIDRAND (KROONSTAD),-27,-41,-18,27,14,16,2727CA,DTT2,Digital Terrestrial Television 2,"DTT give access to broader range of channels within the same frequency bandwidth and provides a clearer, sharper picture and superior sound quality",538.000,29
GP,SUNNYSIDE,-25,-45,-58,28,12,21,2528CC,DTT2,Digital Terrestrial Television 2,"DTT give access to broader range of channels within the same frequency bandwidth and provides a clearer, sharper picture and superior sound quality",770.000,58
EC,SUURBERG,-33,-14,-55,25,34,27,3325BA,DTT2,Digital Terrestrial Television 2,"DTT give access to broader range of channels within the same frequency bandwidth and provides a clearer, sharper picture and superior sound quality",642.000,42
WC,TABLE MOUNTAIN,-33,-57,-26,18,24,11,3318CD,DTT2,Digital Terrestrial Television 2,"DTT give access to broader range of channels within the same frequency bandwidth and provides a clearer, sharper picture and superior sound quality",706.000,50
LP,THABAZIMBI,-24,-27,-59,27,36,51,2427BC,DTT2,Digital Terrestrial Television 2,"DTT give access to broader range of channels within the same frequency bandwidth and provides a clearer, sharper picture and superior sound quality",706.000,50
KN,THE BLUFF,-29,-54,-42,31,0,44,2931CC,DTT2,Digital Terrestrial Television 2,"DTT give access to broader range of channels within the same frequency bandwidth and provides a clearer, sharper picture and superior sound quality",706.000,50
FS,THEUNISSEN,-28,-11,-55,26,34,50,2826BA,DTT2,Digital Terrestrial Television 2,"DTT give access to broader range of channels within the same frequency bandwidth and provides a clearer, sharper picture and superior sound quality",578.000,34
WC,TYGERBERG,-33,-52,-31,18,35,44,3318DC,DTT2,Digital Terrestrial Television 2,"DTT give access to broader range of channels within the same frequency bandwidth and provides a clearer, sharper picture and superior sound quality",706.000,50
LP,TZANEEN,-23,-47,-6,30,0,17,2330CC,DTT2,Digital Terrestrial Television 2,"DTT give access to broader range of channels within the same frequency bandwidth and provides a clearer, sharper picture and superior sound quality",802.000,62
KN,UBOMBO,-27,-33,-42,32,4,52,2732CA,DTT2,Digital Terrestrial Television 2,"DTT give access to broader range of channels within the same frequency bandwidth and provides a clearer, sharper picture and superior sound quality",762.000,57
EC,UMTATA,-31,-35,-48,28,44,36,3128DA,DTT2,Digital Terrestrial Television 2,"DTT give access to broader range of channels within the same frequency bandwidth and provides a clearer, sharper picture and superior sound quality",578.000,34
KN,VERULAM,-29,-38,-25,31,2,19,2931CA,DTT2,Digital Terrestrial Television 2,"DTT give access to broader range of channels within the same frequency bandwidth and provides a clearer, sharper picture and superior sound quality",586.000,35
WC,VILLIERSDORP,-33,-58,-10,19,30,22,3319DC,DTT2,Digital Terrestrial Television 2,"DTT give access to broader range of channels within the same frequency bandwidth and provides a clearer, sharper picture and superior sound quality",826.000,65
MP,VOLKSRUST,-27,-18,-33,29,53,15,2729BD,DTT2,Digital Terrestrial Television 2,"DTT give access to broader range of channels within the same frequency bandwidth and provides a clearer, sharper picture and superior sound quality",802.000,62
KN,VRYHEID,-27,-44,-27,30,47,38,2730DB,DTT2,Digital Terrestrial Television 2,"DTT give access to broader range of channels within the same frequency bandwidth and provides a clearer, sharper picture and superior sound quality",546.000,30
GP,WELVERDIEND,-26,-26,-48,27,14,53,2627AC,DTT2,Digital Terrestrial Television 2,"DTT give access to broader range of channels within the same frequency bandwidth and provides a clearer, sharper picture and superior sound quality",554.000,31
FS,WITSIESHOEK,-28,-31,-4,28,50,49,2828DB,DTT2,Digital Terrestrial Television 2,"DTT give access to broader range of channels within the same frequency bandwidth and provides a clearer, sharper picture and superior sound quality",738.000,54
NW,ZEERUST,-25,-51,-37,26,2,51,2526CC,DTT2,Digital Terrestrial Television 2,"DTT give access to broader range of channels within the same frequency bandwidth and provides a clearer, sharper picture and superior sound quality",514.000,26
WC,GEORGE,-33,-55,-38,22,27,3,3322CD,EDEN,,,93.800,63
WC,KNYSNA,-34,-4,-17,23,2,31,3423AA,EDEN,,,99.700,122
WC,LADISMITH (CAPE),-33,-37,-55,21,25,18,3321CB,EDEN,,,97.900,104
WC,OUDTSHOORN,-33,-40,-17,22,16,1,3322CB,EDEN,,,103.600,161
WC,RIVERSDALE,-34,-1,-8,21,7,39,3421AA,EDEN,,,87.800,3
EC,BARKLY EAST,-30,-51,-30,27,26,0,3027CD,EKHE,,,107.900,204
GP,ELDORADO PARK,-26,-17,-7,27,53,59,2627BD,ELDO,,,87.600,1
WC,GRABOUW,-34,-6,-7,18,58,0,3418BB,ELGN,,,96.800,93
LP,POTGIETERSRUS,-24,-9,-24,29,14,10,2429AA,ENEF,,,105.800,183
EC,ENGCOBO,-31,-39,-20,28,0,34,3128CA,ERCR,,,96.600,91
NC,AGGENEYS BLACK MOUNTAIN 2,-29,-14,-52,18,50,4,2918BB,ETV,e.TV,Analog - free-to-air television network,615.250,39
WC,AGULHAS,-34,-49,-7,20,1,18,3420CA,ETV,e.TV,Analog - free-to-air television network,847.250,68
WC,AMANDA GLEN,-33,-51,-18,18,40,33,3318DC,ETV,e.TV,Analog - free-to-air television network,791.250,61
NC,ASKHAM,-27,0,-3,20,47,36,2720BB,ETV,e.TV,Analog - free-to-air television network,575.250,34
EC,BARKLY EAST,-30,-57,-31,27,35,49,3027DC,ETV,e.TV,Analog - free-to-air television network,551.250,31
WC,BARRYDALE,-33,-54,-7,20,44,33,3320DC,ETV,e.TV,Analog - free-to-air television network,767.250,58
WC,BEAUFORT WEST,-32,-20,-49,22,34,31,3222BC,ETV,e.TV,Analog - free-to-air television network,599.250,37
FS,BETHLEHEM PANORAMA,-28,-13,-14,28,19,53,2828AB,ETV,e.TV,Analog - free-to-air television network,647.250,43
GP,BEZ VALLEY,-26,-11,-41,28,5,0,2628AA,ETV,e.TV,Analog - free-to-air television network,527.250,28
FS,BLOEMFONTEIN,-29,-6,-4,26,13,44,2926AA,ETV,e.TV,Analog - free-to-air television network,687.250,48
WC,BONNIEVALE,-33,-56,-32,20,7,9,3320CC,ETV,e.TV,Analog - free-to-air television network,599.250,37
WC,BONNIEVALE HAPPY VALLEY,-33,-56,-10,20,4,13,3320CC,ETV,e.TV,Analog - free-to-air television network,711.250,51
NC,BRANDVLEI,-30,-27,-15,20,29,2,3020AD,ETV,e.TV,Analog - free-to-air television network,823.250,65
NC,BRITSTOWN,-30,-34,-44,23,31,13,3023DA,ETV,e.TV,Analog - free-to-air television network,767.250,58
NC,BUFFELSRIVIER,-29,-41,-58,17,35,56,2917DA,ETV,e.TV,Analog - free-to-air television network,839.250,67
EC,BUTTERWORTH,-32,-16,-35,28,12,24,3228AC,ETV,e.TV,Analog - free-to-air television network,551.250,31
WC,CALEDON,-34,-13,-3,19,25,32,3419AB,ETV,e.TV,Analog - free-to-air television network,487.250,23
WC,CALEDON HELDERSTROOM,-34,-4,-29,19,21,54,3419AB,ETV,e.TV,Analog - free-to-air television network,623.250,40
WC,CAPE TOWN,-34,-3,-18,18,23,11,3418AB,ETV,e.TV,Analog - free-to-air television network,767.250,58
GP,CARLTONVILLE WESTERN DEEP,-26,-25,-7,27,24,5,2627AD,ETV,e.TV,Analog - free-to-air television network,527.250,28
MP,CAROLINA,-26,-10,-37,30,37,57,2630BA,ETV,e.TV,Analog - free-to-air television network,671.250,46
WC,CERES,-33,-15,-13,19,27,32,3319AD,ETV,e.TV,Analog - free-to-air television network,591.250,36
KN,CEZA,-27,-58,-12,31,24,44,2741CD,ETV,e.TV,Analog - free-to-air television network,575.250,34
WC,CLANWILLIAM,-32,-10,-47,18,52,42,3218BB,ETV,e.TV,Analog - free-to-air television network,591.250,36
NC,COLESBERG,-30,-44,-1,25,5,17,3025CA,ETV,e.TV,Analog - free-to-air television network,551.250,31
NC,CONCORDIA,-29,-32,-34,17,56,16,2917BD,ETV,e.TV,Analog - free-to-air television network,703.250,50
EC,COOKHOUSE,-32,-44,-18,25,47,40,3225DB,ETV,e.TV,Analog - free-to-air television network,823.250,65
EC,CRADOCK,-32,-9,-51,25,37,49,3225BA,ETV,e.TV,Analog - free-to-air television network,783.250,60
MP,DAVEL,-26,-27,-30,29,37,26,2629BC,ETV,e.TV,Analog - free-to-air television network,575.250,34
NC,DE AAR,-30,-38,-40,24,1,23,3024CA,ETV,e.TV,Analog - free-to-air television network,591.250,36
WC,DE RUST,-33,-29,-18,22,31,21,3322BC,ETV,e.TV,Analog - free-to-air television network,551.250,31
EC,DESPATCH,-33,-45,-53,25,25,29,3325CD,ETV,e.TV,Analog - free-to-air television network,575.250,34
EC,DORDRECHT,-31,-23,-7,27,2,10,3127AC,ETV,e.TV,Analog - free-to-air television network,591.250,36
LP,DUIVELSKLOOF,-23,-41,-39,30,8,59,2330CA,ETV,e.TV,Analog - free-to-air television network,615.250,39
KN,DURBAN,-29,-46,-12,30,43,0,2930DC,ETV,e.TV,Analog - free-to-air television network,607.250,38
EC,EAST LONDON,-32,-56,-20,27,48,56,3227DD,ETV,e.TV,Analog - free-to-air television network,735.250,54
NC,EKSTEENFONTEIN,-28,-49,-27,17,15,15,2817CC,ETV,e.TV,Analog - free-to-air television network,823.250,65
KN,ESHOWE,-28,-51,-29,31,17,37,2831CD,ETV,e.TV,Analog - free-to-air television network,559.250,32
NC,FRASERBURG,-31,-54,-58,21,30,27,3121DC,ETV,e.TV,Analog - free-to-air television network,743.250,55
WC,GEORGE,-33,-55,-38,22,27,3,3322CD,ETV,e.TV,Analog - free-to-air television network,783.250,60
LP,GLEN COWIE,-24,-50,-33,29,48,29,2429DD,ETV,e.TV,Analog - free-to-air television network,847.250,68
KN,GLENCOE,-28,-9,-4,29,56,51,2829BB,ETV,e.TV,Analog - free-to-air television network,583.250,35
NC,GOODHOUSE,-28,-54,-20,18,14,1,2818CC,ETV,e.TV,Analog - free-to-air television network,847.250,68
EC,GRAAFF REINET 2,-32,-14,-25,24,31,51,3224BA,ETV,e.TV,Analog - free-to-air television network,247.130,13
WC,GRAAFWATER,-32,-8,-33,18,36,53,3218BA,ETV,e.TV,Analog - free-to-air television network,535.250,29
EC,GRAHAMSTOWN,-33,-17,-15,26,42,31,3326BC,ETV,e.TV,Analog - free-to-air television network,647.250,43
NC,GROBLERSHOOP,-28,-52,-57,21,44,12,2821DC,ETV,e.TV,Analog - free-to-air television network,551.250,31
WC,GROOT-BRAKRIVIER,-34,-2,-33,22,12,59,3422AA,ETV,e.TV,Analog - free-to-air television network,551.250,31
NC,GROOTDERM KUBOES,-28,-27,-7,16,59,20,2816BD,ETV,e.TV,Analog - free-to-air television network,711.250,51
MP,GROOTVLEI ESKOM,-26,-44,-26,28,28,40,2628CB,ETV,e.TV,Analog - free-to-air television network,519.250,27
EC,HANKEY,-33,-49,-52,24,52,12,3324DD,ETV,e.TV,Analog - free-to-air television network,607.250,38
KN,HARDING,-30,-35,-3,29,52,24,3029DB,ETV,e.TV,Analog - free-to-air television network,591.250,36
GP,HEIDELBERG,-26,-29,-19,28,20,48,2628AD,ETV,e.TV,Analog - free-to-air television network,607.250,38
WC,HEIDELBERG CP,-34,-5,-53,20,56,56,3420BB,ETV,e.TV,Analog - free-to-air television network,527.250,28
WC,HEIDELBERG WITSAND,-34,-23,-43,20,50,42,3420BD,ETV,e.TV,Analog - free-to-air television network,719.250,52
GP,HELDERKRUIN,-26,-6,-5,27,51,27,2627BB,ETV,e.TV,Analog - free-to-air television network,663.250,45
WC,HERMANUS,-34,-24,-48,19,13,18,3419AC,ETV,e.TV,Analog - free-to-air television network,471.250,21
EC,HERSCHEL,-30,-35,-42,27,11,11,3027CA,ETV,e.TV,Analog - free-to-air television network,703.250,50
WC,HEX RIVER VALLEY,-33,-28,-40,19,40,54,3319BC,ETV,e.TV,Analog - free-to-air television network,519.250,27
MP,HOEDSPRUIT,-24,-32,-30,30,52,8,2430DB,ETV,e.TV,Analog - free-to-air television network,711.250,51
NC,HOPETOWN,-29,-37,-47,24,5,6,2924CC,ETV,e.TV,Analog - free-to-air television network,607.250,38
WC,HOUT BAY,-34,0,-46,18,20,51,3418AB,ETV,e.TV,Analog - free-to-air television network,687.250,48
GP,JOHANNESBURG,-26,-11,-31,28,0,26,2628AA,ETV,e.TV,Analog - free-to-air television network,679.250,47
EC,JOUBERTINA,-33,-49,-17,23,52,18,3323DD,ETV,e.TV,Analog - free-to-air television network,599.250,37
FS,KIMBERLEY,-28,-51,-15,24,54,17,2824DD,ETV,e.TV,Analog - free-to-air television network,559.250,32
EC,KING WILLIAMS TOWN,-32,-40,-44,27,15,36,3227CB,ETV,e.TV,Analog - free-to-air television network,607.250,38
WC,KLEINMOND,-34,-20,-10,19,0,54,3419AC,ETV,e.TV,Analog - free-to-air television network,695.250,49
NC,KLEINSEE,-29,-40,-5,17,4,19,2917CA,ETV,e.TV,Analog - free-to-air television network,719.250,52
NW,KLERKSDORP,-26,-45,-15,26,24,28,2626CD,ETV,e.TV,Analog - free-to-air television network,559.250,32
EC,KLIPPLAAT,-33,-1,-25,24,20,1,3324AB,ETV,e.TV,Analog - free-to-air television network,575.250,34
WC,KNYSNA,-34,-4,-17,23,2,31,3423AA,ETV,e.TV,Analog - free-to-air television network,543.250,30
NC,KOINGNAAS,-30,-11,-37,17,17,34,3017AA,ETV,e.TV,Analog - free-to-air television network,583.250,35
NC,KOMAGGAS,-29,-48,-18,17,29,11,2917CD,ETV,e.TV,Analog - free-to-air television network,583.250,35
WC,LADISMITH,-33,-30,-10,21,16,12,3321BB,ETV,e.TV,Analog - free-to-air television network,511.250,26
EC,LADY GREY,-30,-42,-51,27,12,35,3027CA,ETV,e.TV,Analog - free-to-air television network,567.250,33
KN,LADYSMITH,-28,-35,-23,29,47,19,2829DB,ETV,e.TV,Analog - free-to-air television network,639.250,42
WC,LANGEBAAN,-33,-5,-49,18,2,10,3318AA,ETV,e.TV,Analog - free-to-air television network,599.250,37
NC,LEKKERSING,-28,-59,-52,17,5,43,2817CC,ETV,e.TV,Analog - free-to-air television network,831.250,66
NC,LELIEFONTEIN,-30,-18,-51,18,5,0,3018AC,ETV,e.TV,Analog - free-to-air television network,799.250,62
NC,LIME ACRES,-28,-21,-27,23,27,54,2823AD,ETV,e.TV,Analog - free-to-air television network,767.250,58
GP,LINMEYER,-26,-16,-8,28,4,16,2628AC,ETV,e.TV,Analog - free-to-air television network,503.250,25
LP,LOUIS TRICHARDT,-23,0,-2,29,45,26,2329BB,ETV,e.TV,Analog - free-to-air television network,479.250,22
EC,MACLEAR,-31,-5,-6,28,21,53,3128AB,ETV,e.TV,Analog - free-to-air television network,567.250,33
WC,MALMESBURY,-33,-28,-52,18,45,8,3318BD,ETV,e.TV,Analog - free-to-air television network,719.250,52
NC,MARYDALE,-29,-24,-52,22,5,39,2922AC,ETV,e.TV,Analog - free-to-air television network,599.250,37
GP,MENLO PARK,-25,-46,-16,28,16,5,2528CD,ETV,e.TV,Analog - free-to-air television network,687.250,48
MP,MIDDELBURG,-25,-49,-4,29,23,24,2529CD,ETV,e.TV,Analog - free-to-air television network,487.250,23
EC,MIDDELBURG CP,-31,-28,-45,24,59,38,3124BD,ETV,e.TV,Analog - free-to-air television network,639.250,42
NC,MIER,-26,-45,-47,20,20,25,2620CD,ETV,e.TV,Analog - free-to-air television network,591.250,36
GP,MONDEOR,-26,-16,-54,27,59,37,2627BD,ETV,e.TV,Analog - free-to-air television network,511.250,26
WC,MONTAGU,-33,-47,-14,20,8,37,3320CC,ETV,e.TV,Analog - free-to-air television network,599.250,37
WC,MONTAGU HOTBATHS,-33,-45,-52,20,7,52,3320CC,ETV,e.TV,Analog - free-to-air television network,471.250,21
EC,MOUNT AYLIFF,-30,-50,-11,29,23,41,3029CD,ETV,e.TV,Analog - free-to-air television network,615.250,39
EC,MOUNT FLETCHER,-30,-41,-37,28,30,54,3028DA,ETV,e.TV,Analog - free-to-air television network,575.250,34
NC,NABABEEP,-29,-35,-5,17,48,28,2917DB,ETV,e.TV,Analog - free-to-air television network,687.250,48
MP,NELSPRUIT,-25,-30,-57,30,46,33,2530DB,ETV,e.TV,Analog - free-to-air television network,607.250,38
KN,NEWCASTLE,-27,-43,-7,29,57,12,2729DB,ETV,e.TV,Analog - free-to-air television network,663.250,45
EC,NGANGELIZWE,-31,-37,-15,28,48,31,3128DB,ETV,e.TV,Analog - free-to-air television network,487.250,23
NC,NIEKERKSHOOP,-29,-19,-9,22,50,12,2922BD,ETV,e.TV,Analog - free-to-air television network,695.250,49
NC,NIEUWOUDTVILLE,-31,-22,-45,19,4,25,3119AC,ETV,e.TV,Analog - free-to-air television network,839.250,67
LP,NORTHAM ZONDEREINDE,-24,-48,-45,27,20,53,2427CD,ETV,e.TV,Analog - free-to-air television network,543.250,30
NC,ONSEEPKANS,-28,-44,-58,19,19,13,2819CB,ETV,e.TV,Analog - free-to-air television network,567.250,33
NC,ONSEEPKANS SENDING,-28,-45,-10,19,16,31,2819CD,ETV,e.TV,Analog - free-to-air television network,583.250,35
WC,OUDTSHOORN,-33,-34,-49,22,13,35,3322CA,ETV,e.TV,Analog - free-to-air television network,655.250,44
KN,OVERPORT,-29,-50,-12,30,59,44,2930DD,ETV,e.TV,Analog - free-to-air television network,527.250,28
WC,PAARL,-33,-42,-51,18,56,23,3318DB,ETV,e.TV,Analog - free-to-air television network,615.250,39
EC,PATENSIE,-33,-45,-39,24,49,37,3324DD,ETV,e.TV,Analog - free-to-air television network,799.250,62
KN,PAULPIETERSBURG,-27,-26,-47,30,50,28,2730BD,ETV,e.TV,Analog - free-to-air television network,823.250,65
NC,PAULSHOEK,-30,-21,-53,18,15,16,3018AD,ETV,e.TV,Analog - free-to-air television network,847.250,68
EC,PEARSTON,-32,-35,-22,25,8,12,3225CA,ETV,e.TV,Analog - free-to-air television network,791.250,61
NC,PETRUSVILLE,-30,-5,-8,24,39,30,3024BA,ETV,e.TV,Analog - free-to-air television network,711.250,51
NW,PIET PLESSIS,-26,-14,-56,24,49,55,2624BB,ETV,e.TV,Analog - free-to-air television network,639.250,42
MP,PIET RETIEF,-27,-1,-11,30,41,3,2730BA,ETV,e.TV,Analog - free-to-air television network,207.250,8
KN,PIETERMARITZBURG,-29,-34,-47,30,19,49,2930CB,ETV,e.TV,Analog - free-to-air television network,655.250,44
WC,PIKETBERG,-32,-49,-9,18,44,17,3218DC,ETV,e.TV,Analog - free-to-air television network,519.250,27
WC,PLETTENBERG BAY,-34,-3,-34,23,22,25,3423AB,ETV,e.TV,Analog - free-to-air television network,583.250,35
NC,POFADDER TOWN,-29,-5,-24,19,23,4,2919AB,ETV,e.TV,Analog - free-to-air television network,663.250,45
KN,PONGOLA,-27,-31,-34,31,39,0,2731DA,ETV,e.TV,Analog - free-to-air television network,575.250,34
EC,PORT ELIZABETH,-33,-56,-10,25,26,27,3325CD,ETV,e.TV,Analog - free-to-air television network,631.250,41
EC,PORT ELIZABETH CITY,-33,-55,-28,25,35,29,3325DC,ETV,e.TV,Analog - free-to-air television network,679.250,47
NC,PORT NOLLOTH,-29,-15,-56,16,52,14,2916BD,ETV,e.TV,Analog - free-to-air television network,471.250,21
KN,PORT SHEPSTONE,-30,-44,-8,30,17,18,3030CB,ETV,e.TV,Analog - free-to-air television network,535.250,29
EC,PORT ST JOHNS,-31,-36,-39,29,31,39,3129DA,ETV,e.TV,Analog - free-to-air television network,479.250,22
LP,POTGIETERSRUS,-24,-9,-24,29,14,10,2429AA,ETV,e.TV,Analog - free-to-air television network,655.250,44
GP,PRETORIA,-25,-41,-21,27,59,2,2527DB,ETV,e.TV,Analog - free-to-air television network,535.250,29
GP,PRETORIA NORTH,-25,-41,-29,28,10,2,2528CA,ETV,e.TV,Analog - free-to-air television network,599.250,37
NC,RICHMOND CP,-31,-25,-25,23,57,56,3123BD,ETV,e.TV,Analog - free-to-air television network,615.250,39
WC,RIVIERSONDEREND,-34,-8,-5,19,54,54,3419BB,ETV,e.TV,Analog - free-to-air television network,503.250,25
NW,RUSTENBURG,-25,-36,-59,27,7,5,2527CA,ETV,e.TV,Analog - free-to-air television network,847.250,68
MP,SABIE,-25,-7,-46,30,45,35,2530BB,ETV,e.TV,Analog - free-to-air television network,815.250,64
NW,SCHWEIZER RENEKE,-27,-8,-13,25,13,7,2725AA,ETV,e.TV,Analog - free-to-air television network,535.250,29
NC,SISHEN/KATHU ISCOR,-27,-44,-54,23,1,36,2723CA,ETV,e.TV,Analog - free-to-air television network,631.250,41
WC,SLANGRIVIER,-34,-8,-57,20,51,25,3420BB,ETV,e.TV,Analog - free-to-air television network,591.250,36
EC,SOMERSET EAST,-32,-42,-45,25,34,41,3225DA,ETV,e.TV,Analog - free-to-air television network,847.250,68
MP,STANDERTON,-26,-57,-37,29,12,51,2629CC,ETV,e.TV,Analog - free-to-air television network,703.250,50
NC,STEINKOPF,-29,-14,-54,17,44,17,2917BA,ETV,e.TV,Analog - free-to-air television network,703.250,50
WC,STELLENBOSCH,-33,-54,-59,18,52,10,3318DD,ETV,e.TV,Analog - free-to-air television network,687.250,48
EC,STERKSPRUIT,-30,-31,-59,27,21,43,3027CB,ETV,e.TV,Analog - free-to-air television network,695.250,49
WC,STORMS RIVER BOSKOR,-33,-58,-20,23,48,51,3323DD,ETV,e.TV,Analog - free-to-air television network,759.250,57
GP,SUNNYSIDE,-25,-45,-58,28,12,21,2528CC,ETV,e.TV,Analog - free-to-air television network,607.250,38
NC,SUTHERLAND,-32,-23,-28,20,39,59,3220BC,ETV,e.TV,Analog - free-to-air television network,791.250,61
WC,SUURBRAAK,-34,0,-35,20,39,46,3420BA,ETV,e.TV,Analog - free-to-air television network,815.250,64
WC,SWELLENDAM,-34,0,-34,20,28,3,3420AB,ETV,e.TV,Analog - free-to-air television network,567.250,33
LP,THABAZIMBI,-24,-27,-59,27,36,51,2427BC,ETV,e.TV,Analog - free-to-air television network,607.250,38
KN,THE BLUFF,-29,-54,-42,31,0,44,2931CC,ETV,e.TV,Analog - free-to-air television network,647.250,43
FS,THEUNISSEN,-28,-11,-55,26,34,50,2826BA,ETV,e.TV,Analog - free-to-air television network,511.250,26
WC,TYGERBERG,-33,-52,-31,18,35,44,3318DC,ETV,e.TV,Analog - free-to-air television network,671.250,46
LP,TZANEEN,-23,-47,-6,30,0,17,2330CC,ETV,e.TV,Analog - free-to-air television network,847.250,68
KN,UBOMBO,-27,-33,-42,32,4,52,2732CA,ETV,e.TV,Analog - free-to-air television network,631.250,41
EC,UGIE,-31,-12,-28,28,13,55,3128AA,ETV,e.TV,Analog - free-to-air television network,591.250,36
EC,UMTATA,-31,-35,-48,28,44,36,3128DA,ETV,e.TV,Analog - free-to-air television network,663.250,45
WC,UNIONDALE TOWN,-33,-38,-46,23,7,36,3323CA,ETV,e.TV,Analog - free-to-air television network,575.250,34
NC,UPINGTON TOWN,-28,-30,-24,21,12,17,2821CA,ETV,e.TV,Analog - free-to-air television network,567.250,33
KN,VERULAM,-29,-38,-25,31,2,19,2931CA,ETV,e.TV,Analog - free-to-air television network,519.250,27
NC,VICTORIA WEST,-31,-24,-26,23,6,49,3123AC,ETV,e.TV,Analog - free-to-air television network,503.250,25
WC,VILLIERSDORP,-33,-58,-10,19,30,22,3319DC,ETV,e.TV,Analog - free-to-air television network,759.250,57
WC,VILLIERSDORP ELANDSKLOOF,-33,-54,-28,19,16,43,3319CD,ETV,e.TV,Analog - free-to-air television network,471.250,21
MP,VOLKSRUST,-27,-18,-33,29,53,15,2729BD,ETV,e.TV,Analog - free-to-air television network,247.130,13
WC,VREDENDAL,-31,-45,-15,18,41,24,3118DC,ETV,e.TV,Analog - free-to-air television network,535.250,29
KN,VRYHEID,-27,-44,-27,30,47,38,2730DB,ETV,e.TV,Analog - free-to-air television network,479.250,22
NC,WELKOM N/CAPE,-26,-32,-51,20,36,31,2620DA,ETV,e.TV,Analog - free-to-air television network,583.250,35
GP,WELVERDIEND,-26,-26,-48,27,14,53,2627AC,ETV,e.TV,Analog - free-to-air television network,519.250,27
WC,WEMMERSHOEK,-33,-51,-7,19,3,18,3319CC,ETV,e.TV,Analog - free-to-air television network,831.250,66
NC,WILLISTON,-31,-20,-40,20,55,7,3120BD,ETV,e.TV,Analog - free-to-air television network,703.250,50
NW,ZEERUST,-25,-51,-37,26,2,51,2526CC,ETV,e.TV,Analog - free-to-air television network,687.250,48
GP,ORANGE FARM,-26,-27,-19,27,51,27,2627BD,FARM,,,100.600,131
EC,KING WILLIAMS TOWN,-32,-40,-44,27,15,36,3227CB,FORT,,,88.200,7
KN,DURBAN,-29,-46,-12,30,43,0,2930DC,GAGA,Gagasi FM,"It broadcasts primarily in isiZulu and caters to the local audience with a mix of music, news, and talk shows.",99.500,120
KN,DURBAN NORTH,-29,-45,-52,31,2,24,2931CC,GAGA,Gagasi FM,"It broadcasts primarily in isiZulu and caters to the local audience with a mix of music, news, and talk shows.",100.100,126
KN,GLENCOE,-28,-9,-4,29,56,51,2829BB,GAGA,Gagasi FM,"It broadcasts primarily in isiZulu and caters to the local audience with a mix of music, news, and talk shows.",107.900,204
KN,GREYTOWN,-29,0,-46,30,32,10,2930BA,GAGA,Gagasi FM,"It broadcasts primarily in isiZulu and caters to the local audience with a mix of music, news, and talk shows.",88.600,11
KN,MOOI RIVER,-29,-11,-7,29,52,4,2929BB,GAGA,Gagasi FM,"It broadcasts primarily in isiZulu and caters to the local audience with a mix of music, news, and talk shows.",89.100,16
KN,PIETERMARITZBURG,-29,-34,-47,30,19,49,2930CB,GAGA,Gagasi FM,"It broadcasts primarily in isiZulu and caters to the local audience with a mix of music, news, and talk shows.",98.500,110
KN,PORT SHEPSTONE,-30,-44,-8,30,17,18,3030CB,GAGA,Gagasi FM,"It broadcasts primarily in isiZulu and caters to the local audience with a mix of music, news, and talk shows.",103.500,160
KN,ULUNDI,-28,-27,0,31,23,38,2831AD,GAGA,Gagasi FM,"It broadcasts primarily in isiZulu and caters to the local audience with a mix of music, news, and talk shows.",94.700,72
WC,BEAUFORT WEST,-32,-15,-30,22,30,23,3222BC,GAMK,,,87.600,1
LP,GIYANI,-23,-19,-16,30,43,13,2330BC,GIYA,,,106.000,185
FS,THEUNISSEN,-28,-11,-55,26,34,50,2826BA,GOLD,,,104.300,168
KN,PIETERMARITZBURG,-29,-34,-47,30,19,49,2930CB,GUNG,,,107.600,201
KN,STRAALHOEK,-30,-20,-49,29,50,53,3029BD,HARG,,,88.800,13
WC,FISHHOEK,-34,-8,-59,18,26,8,3418AB,HART,,,100.000,125
WC,GRABOUW,-34,-6,-7,18,58,0,3418BB,HART,,,107.800,203
WC,HERMANUS,-34,-24,-48,19,13,18,3419AC,HART,,,88.800,13
WC,HOUT BAY,-34,0,-46,18,20,51,3418AB,HART,,,107.000,195
WC,PAARL,-33,-42,-51,18,56,23,3318DB,HART,,,102.700,152
WC,PIKETBERG,-32,-49,-9,18,44,17,3218DC,HART,,,106.300,188
WC,STELLENBOSCH,-33,-54,-59,18,52,10,3318DD,HART,,,103.600,161
WC,TYGERBERG,-33,-52,-31,18,35,44,3318DC,HART,,,104.900,174
WC,VILLIERSDORP,-33,-58,-10,19,30,22,3319DC,HART,,,88.100,6
WC,GEORGE,-33,-55,-38,22,27,3,3322CD,HBFM,,,103.900,164
WC,RIVERSDALE,-34,-1,-8,21,7,39,3421AA,HESQ,,,89.600,21
KN,DURBAN NORTH,-29,-45,-52,31,2,24,2931CC,HIGH,,,101.500,140
FS,BETHLEHEM,-28,-14,-10,28,29,58,2828AB,HOZI,Ukhozi FM,,91.900,44
MP,CAROLINA,-26,-10,-37,30,37,57,2630BA,HOZI,Ukhozi FM,,99.500,120
KN,CORNER HOUSE,-29,-41,-50,30,8,29,2930CA,HOZI,Ukhozi FM,,95.000,75
MP,DAVEL,-26,-27,-30,29,37,26,2629BC,HOZI,Ukhozi FM,,93.500,60
KN,DONNYBROOK,-29,-54,-56,29,51,19,2929DD,HOZI,Ukhozi FM,,92.700,52
MP,DULLSTROOM,-25,-34,-21,30,11,17,2530CA,HOZI,Ukhozi FM,,92.100,46
KN,DURBAN,-29,-46,-12,30,43,0,2930DC,HOZI,Ukhozi FM,,90.800,33
KN,DURBAN NORTH,-29,-45,-52,31,2,24,2931CC,HOZI,Ukhozi FM,,92.500,50
EC,EAST LONDON,-32,-56,-20,27,48,56,3227DD,HOZI,Ukhozi FM,,95.300,78
EC,ELANDS HEIGHT,-30,-47,-44,28,7,10,3028CC,HOZI,Ukhozi FM,,92.900,54
KN,ESHOWE,-28,-51,-29,31,17,37,2831CD,HOZI,Ukhozi FM,,93.400,59
WC,GEORGE,-33,-55,-38,22,27,3,3322CD,HOZI,Ukhozi FM,,93.200,57
KN,GLENCOE,-28,-9,-4,29,56,51,2829BB,HOZI,Ukhozi FM,,93.100,56
KN,GREYTOWN,-29,0,-46,30,32,10,2930BA,HOZI,Ukhozi FM,,91.700,42
GP,HEIDELBERG,-26,-29,-19,28,20,48,2628AD,HOZI,Ukhozi FM,,90.800,33
KN,IMPENDLE,-29,-35,-40,29,52,43,2929DB,HOZI,Ukhozi FM,,88.700,12
GP,JOHANNESBURG,-26,-11,-31,28,0,26,2628AA,HOZI,Ukhozi FM,,91.500,40
KN,KEATES DRIFT,-28,-50,-59,30,30,20,2830DC,HOZI,Ukhozi FM,,91.100,36
FS,KROONSTAD,-27,-25,-17,27,11,7,2727AC,HOZI,Ukhozi FM,,91.700,42
KN,LADYSMITH,-28,-35,-23,29,47,19,2829DB,HOZI,Ukhozi FM,,91.000,35
KN,LOSKOP,28,39,41,29,12,42,2929CA,HOZI,Ukhozi FM,,96.900,94
KN,LOUWSBURG,-27,-33,-44,31,16,32,2731CB,HOZI,Ukhozi FM,,98.000,105
KN,MANGUZI,-26,-59,-6,32,45,11,2632DD,HOZI,Ukhozi FM,,87.600,1
KN,MAQABAQABENI,-28,-54,-59,29,36,38,2829DC,HOZI,Ukhozi FM,,103.400,159
MP,MIDDELBURG,-25,-49,-4,29,23,24,2529CD,HOZI,Ukhozi FM,,107.400,199
KN,MOOI RIVER,-29,-11,-7,29,52,4,2929BB,HOZI,Ukhozi FM,,92.200,47
EC,MOUNT AYLIFF,-30,-50,-11,29,23,41,3029CD,HOZI,Ukhozi FM,,90.100,26
KN,MSINGA TOP,-28,-40,-52,30,28,55,2830CB,HOZI,Ukhozi FM,,94.300,68
MP,NELSPRUIT,-25,-30,-57,30,46,33,2530DB,HOZI,Ukhozi FM,,106.900,194
KN,NONGOMA,-27,-54,-18,31,39,27,2731DC,HOZI,Ukhozi FM,,92.900,54
KN,NQUTU,-28,-15,-43,30,40,42,2830BC,HOZI,Ukhozi FM,,100.600,131
KN,NTANZI,-29,-16,-20,30,51,56,2930BD,HOZI,Ukhozi FM,,105.900,184
KN,NTOMBENI,-29,-40,-52,30,12,9,2930CA,HOZI,Ukhozi FM,,91.800,43
FS,PETRUS STEYN,-27,-31,9,28,19,6,2728CB,HOZI,Ukhozi FM,,99.500,120
MP,PIET RETIEF,-27,-1,-11,30,41,3,2730BA,HOZI,Ukhozi FM,,92.100,46
KN,PIETERMARITZBURG,-29,-34,-47,30,19,49,2930CB,HOZI,Ukhozi FM,,91.400,39
KN,PONDWANE,-27,-47,-11,31,2,45,2731CC,HOZI,Ukhozi FM,,95.000,75
KN,PORT SHEPSTONE,-30,-44,-8,30,17,18,3030CB,HOZI,Ukhozi FM,,91.300,38
GP,PRETORIA,-25,-41,-21,27,59,2,2527DB,HOZI,Ukhozi FM,,102.400,149
KN,QUDENI,-28,-38,-3,30,51,59,283DB,HOZI,Ukhozi FM,,107.400,199
MP,STANDERTON,-26,-57,-37,29,12,51,2629CC,HOZI,Ukhozi FM,,95.300,78
KN,STRAALHOEK,-30,-20,-49,29,50,53,3029BD,HOZI,Ukhozi FM,,95.100,76
KN,THE BLUFF,-29,-54,-42,31,0,44,2931CC,HOZI,Ukhozi FM,,92.000,45
FS,THEUNISSEN,-28,-11,-55,26,34,50,2826BA,HOZI,Ukhozi FM,,100.800,133
KN,TUGELA FERRY,-28,-45,-59,30,26,38,2830CD,HOZI,Ukhozi FM,,88.000,5
KN,UBOMBO,-27,-33,-42,32,4,52,2732CA,HOZI,Ukhozi FM,,92.400,49
KN,ULUNDI,-28,-27,0,31,23,38,2831AD,HOZI,Ukhozi FM,,91.500,40
EC,UMTATA,-31,-35,-48,28,44,36,3128DA,HOZI,Ukhozi FM,,100.700,132
KN,UNDERBERG,-29,-48,-27,29,30,13,2929DC,HOZI,Ukhozi FM,,100.000,125
KN,UTRECHT,-27,-38,-47,30,18,13,2718CB,HOZI,Ukhozi FM,,94.800,73
MP,VOLKSRUST,-27,-18,-33,29,53,15,2729BD,HOZI,Ukhozi FM,,92.600,51
KN,VRYHEID,-27,-44,-27,30,47,38,2730DB,HOZI,Ukhozi FM,,91.200,37
GP,WELVERDIEND,-26,-26,-48,27,14,53,2627AC,HOZI,Ukhozi FM,,104.100,166
KN,WINTERTON,-28,-48,50,29,32,51,2829DC,HOZI,Ukhozi FM,,93.800,63
FS,WITSIESHOEK,-28,-31,-4,28,50,49,2828DB,HOZI,Ukhozi FM,,97.800,103
GP,HEIDELBERG,-26,-29,-19,28,20,48,2628AD,HVLD,,,94.000,65
GP,HELDERKRUIN,-26,-6,-5,27,51,27,2627BB,HVLD,,,100.500,130
GP,JOHANNESBURG,-26,-11,-31,28,0,26,2628AA,HVLD,,,94.700,72
GP,WELVERDIEND,-26,-26,-48,27,14,53,2627AC,HVLD,,,95.200,77
GP,SEBOKENG,-26,-34,-50,27,52,42,2627DB,HWEL,,,103.000,155
KN,ESHOWE,-28,-51,-29,31,17,37,2831CD,ICOR,,,100.400,129
,GABANE,-24,-40,-48,25,46,13,,IF10,,,103.000,155
,GABANE,-24,-40,-48,25,46,13,,IF11,,,106.100,186
,GABANE,-24,-40,-48,25,46,13,,IF12,,,106.600,191
EC,PORT ELIZABETH,-33,-56,-10,25,26,27,3325CD,IFM,,,88.300,8
,BOKSPITS,-26,-53,-5,20,41,56,,IFM1,,,90.400,29
,BT12,-24,-30,0,20,30,0,,IFM1,,,89.200,17
,BT16,-22,-40,0,26,15,0,,IFM1,,,89.400,19
,BT17,-23,0,0,21,0,0,,IFM1,,,90.400,29
,BT20,-22,-45,0,22,15,0,,IFM1,,,88.900,14
,BT21,-22,-50,0,25,15,0,,IFM1,,,88.600,11
,BT24,-22,-30,0,24,15,0,,IFM1,,,90.000,25
,BT26.1,-21,-20,0,26,50,0,,IFM1,,,87.600,1
,BT4,-25,-30,0,21,30,0,,IFM1,,,88.600,11
,BT7,-24,-45,0,23,0,0,,IFM1,,,88.400,9
,GABANE,-24,-40,-48,25,46,13,,IFM1,,,89.400,19
,JWANENG,-24,-36,0,24,44,0,,IFM1,,,89.600,21
,KANG,-23,-45,0,22,50,0,,IFM1,,,89.300,18
,LOBATSE,-25,-13,0,25,39,50,,IFM1,,,89.000,15
,MABULE,-25,-45,0,24,32,0,,IFM1,,,89.200,17
,MAGHANENG,-23,-2,-5,27,35,25,,IFM1,,,90.600,31
,MAHALAPYE,-23,-8,-49,26,42,22,,IFM1,,,90.300,28
,MIDDELPUTS,-26,-37,-24,21,52,0,,IFM1,,,88.700,12
,MMASHORO,-21,-54,0,26,44,0,,IFM1,,,88.100,6
,MOLALATAU,-22,-10,0,28,40,0,2228BA,IFM1,,,89.600,21
,OLIFANTSDRIFT,-24,-1,-6,26,19,17,,IFM1,,,88.000,5
,PALAPYE,-22,-15,-34,27,20,35,,IFM1,,,88.400,9
,RAKHUNA,-25,-14,-24,25,20,4,,IFM1,,,87.800,3
,SELEBI PIKWE,-22,0,0,27,49,0,,IFM1,,,91.000,35
,SEROWE,-22,-23,-10,26,42,17,,IFM1,,,89.800,23
,SESUNG,-23,-6,-2,24,55,9,,IFM1,,,87.900,4
,TSABONG,-26,0,-22,22,25,8,,IFM1,,,90.300,28
,TSETSEJWE,-22,-45,0,27,45,0,,IFM1,,,90.100,26
,TSHANE,-24,0,0,21,50,0,,IFM1,,,89.800,23
,TSHANE,-24,0,0,21,50,0,,IFM1,,,92.900,54
,TSWAPONG,-22,-36,-15,27,37,43,,IFM1,,,88.900,14
,TV HILL,-24,-48,-9,24,43,29,,IFM1,,,88.200,7
,WERDA,-25,-16,-7,23,15,33,,IFM1,,,88.900,14
,BOKSPITS,-26,-53,-5,20,41,56,,IFM2,,,93.500,60
,BT12,-24,-30,0,20,30,0,,IFM2,,,92.300,48
,BT16,-22,-40,0,26,15,0,,IFM2,,,92.500,50
,BT17,-23,0,0,21,0,0,,IFM2,,,93.500,60
,BT20,-22,-45,0,22,15,0,,IFM2,,,92.000,45
,BT21,-22,-50,0,25,15,0,,IFM2,,,91.700,42
,BT24,-22,-30,0,24,15,0,,IFM2,,,93.100,56
,BT26.1,-21,-20,0,26,50,0,,IFM2,,,90.700,32
,BT4,-25,-30,0,21,30,0,,IFM2,,,91.700,42
,BT7,-24,-45,0,23,0,0,,IFM2,,,91.500,40
,GABANE,-24,-40,-48,25,46,13,,IFM2,,,89.900,24
,JWANENG,-24,-36,0,24,44,0,,IFM2,,,92.700,52
,KANG,-23,-45,0,22,50,0,,IFM2,,,92.400,49
,LOBATSE,-25,-13,0,25,39,50,,IFM2,,,92.100,46
,MABULE,-25,-45,0,24,32,0,,IFM2,,,92.300,48
,MAGHANENG,-23,-2,-5,27,35,25,,IFM2,,,96.900,94
,MAHALAPYE,-23,-8,-49,26,42,22,,IFM2,,,93.400,59
,MIDDELPUTS,-26,-37,-24,21,52,0,,IFM2,,,91.800,43
,MMASHORO,-21,-54,0,26,44,0,,IFM2,,,91.200,37
,MOLALATAU,-22,-10,0,28,40,0,2228BA,IFM2,,,92.700,52
,OLIFANTSDRIFT,-24,-1,-6,26,19,17,,IFM2,,,91.900,44
,PALAPYE,-22,-15,-34,27,20,35,,IFM2,,,91.500,40
,RAKHUNA,-25,-14,-24,25,20,4,,IFM2,,,90.900,34
,SELEBI PIKWE,-22,0,0,27,49,0,,IFM2,,,94.200,67
,SEROWE,-22,-23,-10,26,42,17,,IFM2,,,92.900,54
,SESUNG,-23,-6,-2,24,55,9,,IFM2,,,91.000,35
,SOJWE,-23,-26,-23,25,45,52,,IFM2,,,87.700,2
,TSABONG,-26,0,-22,22,25,8,,IFM2,,,93.400,59
,TSETSEJWE,-22,-45,0,27,45,0,,IFM2,,,93.200,57
,TSWAPONG,-22,-36,-15,27,37,43,,IFM2,,,92.000,45
,TV HILL,-24,-48,-9,24,43,29,,IFM2,,,91.300,38
,WERDA,-25,-16,-7,23,15,33,,IFM2,,,92.000,45
,BOKSPITS,-26,-53,-5,20,41,56,,IFM3,,,96.700,92
,BT12,-24,-30,0,20,30,0,,IFM3,,,95.500,80
,BT16,-22,-40,0,26,15,0,,IFM3,,,95.700,82
,BT17,-23,0,0,21,0,0,,IFM3,,,96.700,92
,BT20,-22,-45,0,22,15,0,,IFM3,,,95.200,77
,BT21,-22,-50,0,25,15,0,,IFM3,,,94.900,74
,BT24,-22,-30,0,24,15,0,,IFM3,,,96.300,88
,BT26.1,-21,-20,0,26,50,0,,IFM3,,,93.900,64
,BT4,-25,-30,0,21,30,0,,IFM3,,,94.900,74
,BT7,-24,-45,0,23,0,0,,IFM3,,,94.700,72
,GABANE,-24,-40,-48,25,46,13,,IFM3,,,92.500,50
,JWANENG,-24,-36,0,24,44,0,,IFM3,,,95.900,84
,KANG,-23,-45,0,22,50,0,,IFM3,,,95.600,81
,LOBATSE,-25,-13,0,25,39,50,,IFM3,,,95.300,78
,MABULE,-25,-45,0,24,32,0,,IFM3,,,95.500,80
,MAGHANENG,-23,-2,-5,27,35,25,,IFM3,,,100.200,127
,MAHALAPYE,-23,-8,-49,26,42,22,,IFM3,,,96.600,91
,MIDDELPUTS,-26,-37,-24,21,52,0,,IFM3,,,95.000,75
,MMASHORO,-21,-54,0,26,44,0,,IFM3,,,94.400,69
,MOLALATAU,-22,-10,0,28,40,0,2228BA,IFM3,,,95.900,84
,OLIFANTSDRIFT,-24,-1,-6,26,19,17,,IFM3,,,94.300,68
,PALAPYE,-22,-15,-34,27,20,35,,IFM3,,,94.700,72
,RAKHUNA,-25,-14,-24,25,20,4,,IFM3,,,94.100,66
,SELEBI PIKWE,-22,0,0,27,49,0,,IFM3,,,97.500,100
,SEROWE,-22,-23,-10,26,42,17,,IFM3,,,96.100,86
,SESUNG,-23,-6,-2,24,55,9,,IFM3,,,94.200,67
,SOJWE,-23,-26,-23,25,45,52,,IFM3,,,90.800,33
,SOJWE,-23,-26,-23,25,45,52,,IFM3,,,94.000,65
,TSABONG,-26,0,-22,22,25,8,,IFM3,,,96.600,91
,TSETSEJWE,-22,-45,0,27,45,0,,IFM3,,,96.400,89
,TSHANE,-24,0,0,21,50,0,,IFM3,,,96.100,86
,TSWAPONG,-22,-36,-15,27,37,43,,IFM3,,,95.200,77
,TV HILL,-24,-48,-9,24,43,29,,IFM3,,,94.500,70
,WERDA,-25,-16,-7,23,15,33,,IFM3,,,95.200,77
,BOKSPITS,-26,-53,-5,20,41,56,,IFM4,,,100.000,125
,BT12,-24,-30,0,20,30,0,,IFM4,,,98.800,113
,BT16,-22,-40,0,26,15,0,,IFM4,,,99.000,115
,BT17,-23,0,0,21,0,0,,IFM4,,,100.000,125
,BT20,-22,-45,0,22,15,0,,IFM4,,,98.500,110
,BT21,-22,-50,0,25,15,0,,IFM4,,,98.200,107
,BT24,-22,-30,0,24,15,0,,IFM4,,,99.600,121
,BT26.1,-21,-20,0,26,50,0,,IFM4,,,97.200,97
,BT4,-25,-30,0,21,30,0,,IFM4,,,98.200,107
,BT7,-24,-45,0,23,0,0,,IFM4,,,98.000,105
,GABANE,-24,-40,-48,25,46,13,,IFM4,,,93.000,55
,JWANENG,-24,-36,0,24,44,0,,IFM4,,,99.200,117
,KANG,-23,-45,0,22,50,0,,IFM4,,,98.900,114
,LOBATSE,-25,-13,0,25,39,50,,IFM4,,,98.600,111
,MABULE,-25,-45,0,24,32,0,,IFM4,,,98.800,113
,MAGHANENG,-23,-2,-5,27,35,25,,IFM4,,,103.700,162
,MAHALAPYE,-23,-8,-49,26,42,22,,IFM4,,,99.900,124
,MIDDELPUTS,-26,-37,-24,21,52,0,,IFM4,,,98.300,108
,MMASHORO,-21,-54,0,26,44,0,,IFM4,,,97.700,102
,MOLALATAU,-22,-10,0,28,40,0,2228BA,IFM4,,,99.200,117
,OLIFANTSDRIFT,-24,-1,-6,26,19,17,,IFM4,,,97.600,101
,PALAPYE,-22,-15,-34,27,20,35,,IFM4,,,98.000,105
,RAKHUNA,-25,-14,-24,25,20,4,,IFM4,,,97.400,99
,SELEBI PIKWE,-22,0,0,27,49,0,,IFM4,,,101.000,135
,SEROWE,-22,-23,-10,26,42,17,,IFM4,,,99.400,119
,SESUNG,-23,-6,-2,24,55,9,,IFM4,,,97.500,100
,SOJWE,-23,-26,-23,25,45,52,,IFM4,,,97.300,98
,TSABONG,-26,0,-22,22,25,8,,IFM4,,,99.900,124
,TSETSEJWE,-22,-45,0,27,45,0,,IFM4,,,99.700,122
,TSHANE,-24,0,0,21,50,0,,IFM4,,,99.400,119
,TSWAPONG,-22,-36,-15,27,37,43,,IFM4,,,98.500,110
,TV HILL,-24,-48,-9,24,43,29,,IFM4,,,97.800,103
,WERDA,-25,-16,-7,23,15,33,,IFM4,,,98.500,110
,BOKSPITS,-26,-53,-5,20,41,56,,IFM5,,,103.500,160
,BT12,-24,-30,0,20,30,0,,IFM5,,,102.300,148
,BT16,-22,-40,0,26,15,0,,IFM5,,,102.500,150
,BT17,-23,0,0,21,0,0,,IFM5,,,103.500,160
,BT20,-22,-45,0,22,15,0,,IFM5,,,102.000,145
,BT21,-22,-50,0,25,15,0,,IFM5,,,101.700,142
,BT24,-22,-30,0,24,15,0,,IFM5,,,103.100,156
,BT26.1,-21,-20,0,26,50,0,,IFM5,,,100.700,132
,BT4,-25,-30,0,21,30,0,,IFM5,,,101.700,142
,BT7,-24,-45,0,23,0,0,,IFM5,,,101.500,140
,GABANE,-24,-40,-48,25,46,13,,IFM5,,,95.700,82
,JWANENG,-24,-36,0,24,44,0,,IFM5,,,102.700,152
,KANG,-23,-45,0,22,50,0,,IFM5,,,102.400,149
,LOBATSE,-25,-13,0,25,39,50,,IFM5,,,102.100,146
,MABULE,-25,-45,0,24,32,0,,IFM5,,,102.300,148
,MAGHANENG,-23,-2,-5,27,35,25,,IFM5,,,107.300,198
,MAHALAPYE,-23,-8,-49,26,42,22,,IFM5,,,107.000,195
,MIDDELPUTS,-26,-37,-24,21,52,0,,IFM5,,,101.800,143
,MMASHORO,-21,-54,0,26,44,0,,IFM5,,,101.200,137
,MOLALATAU,-22,-10,0,28,40,0,2228BA,IFM5,,,102.700,152
,OLIFANTSDRIFT,-24,-1,-6,26,19,17,,IFM5,,,101.100,136
,PALAPYE,-22,-15,-34,27,20,35,,IFM5,,,101.500,140
,RAKHUNA,-25,-14,-24,25,20,4,,IFM5,,,100.900,134
,SELEBI PIKWE,-22,0,0,27,49,0,,IFM5,,,104.600,171
,SEROWE,-22,-23,-10,26,42,17,,IFM5,,,102.900,154
,SESUNG,-23,-6,-2,24,55,9,,IFM5,,,101.000,135
,SOJWE,-23,-26,-23,25,45,52,,IFM5,,,100.800,133
,SOJWE,-23,-26,-23,25,45,52,,IFM5,,,104.400,169
,TSETSEJWE,-22,-45,0,27,45,0,,IFM5,,,103.200,157
,TSHANE,-24,0,0,21,50,0,,IFM5,,,102.900,154
,TSWAPONG,-22,-36,-15,27,37,43,,IFM5,,,102.000,145
,TV HILL,-24,-48,-9,24,43,29,,IFM5,,,101.300,138
,WERDA,-25,-16,-7,23,15,33,,IFM5,,,102.000,145
,BOKSPITS,-26,-53,-5,20,41,56,,IFM6,,,107.100,196
,BT12,-24,-30,0,20,30,0,,IFM6,,,105.900,184
,BT16,-22,-40,0,26,15,0,,IFM6,,,106.100,186
,BT17,-23,0,0,21,0,0,,IFM6,,,107.100,196
,BT20,-22,-45,0,22,15,0,,IFM6,,,105.600,181
,BT21,-22,-50,0,25,15,0,,IFM6,,,105.300,178
,BT24,-22,-30,0,24,15,0,,IFM6,,,106.700,192
,BT26.1,-21,-20,0,26,50,0,,IFM6,,,104.300,168
,BT4,-25,-30,0,21,30,0,,IFM6,,,105.300,178
,BT7,-24,-45,0,23,0,0,,IFM6,,,105.100,176
,GABANE,-24,-40,-48,25,46,13,,IFM6,,,96.200,87
,JWANENG,-24,-36,0,24,44,0,,IFM6,,,106.300,188
,KANG,-23,-45,0,22,50,0,,IFM6,,,106.000,185
,LOBATSE,-25,-13,0,25,39,50,,IFM6,,,105.700,182
,MABULE,-25,-45,0,24,32,0,,IFM6,,,105.900,184
,MIDDELPUTS,-26,-37,-24,21,52,0,,IFM6,,,105.400,179
,MMASHORO,-21,-54,0,26,44,0,,IFM6,,,104.800,173
,MOLALATAU,-22,-10,0,28,40,0,2228BA,IFM6,,,106.300,188
,OLIFANTSDRIFT,-24,-1,-6,26,19,17,,IFM6,,,104.700,172
,PALAPYE,-22,-15,-34,27,20,35,,IFM6,,,105.100,176
,RAKHUNA,-25,-14,-24,25,20,4,,IFM6,,,104.500,170
,SELEBI PIKWE,-22,0,0,27,49,0,,IFM6,,,87.900,4
,SEROWE,-22,-23,-10,26,42,17,,IFM6,,,106.500,190
,SESUNG,-23,-6,-2,24,55,9,,IFM6,,,104.600,171
,TSETSEJWE,-22,-45,0,27,45,0,,IFM6,,,106.800,193
,TSHANE,-24,0,0,21,50,0,,IFM6,,,106.500,190
,TSWAPONG,-22,-36,-15,27,37,43,,IFM6,,,105.600,181
,TV HILL,-24,-48,-9,24,43,29,,IFM6,,,104.900,174
,WERDA,-25,-16,-7,23,15,33,,IFM6,,,105.600,181
,GABANE,-24,-40,-48,25,46,13,,IFM7,,,99.000,115
,GABANE,-24,-40,-48,25,46,13,,IFM8,,,99.500,120
,GABANE,-24,-40,-48,25,46,13,,IFM9,,,102.500,150
MP,NELSPRUIT,-25,-30,-57,30,46,33,2530DB,ILVH,,,90.500,30
KN,DURBAN,-29,-46,-12,30,43,0,2930DC,IMBO,,,96.800,93
KN,DURBAN NORTH,-29,-45,-52,31,2,24,2931CC,INAN,,,88.400,9
EC,UMTATA,-31,-35,-48,28,44,36,3128DA,INGW,,,104.500,170
EC,EAST LONDON,-32,-56,-20,27,48,56,3227DD,IZLE,,,93.800,63
KN,DURBAN NORTH,-29,-45,-52,31,2,24,2931CC,IZWI,,,98.000,105
MP,CAROLINA,-26,-10,-37,30,37,57,2630BA,JAKR,,,96.200,87
MP,DAVEL,-26,-27,-30,29,37,26,2629BC,JAKR,,,96.700,92
MP,DULLSTROOM,-25,-34,-21,30,11,17,2530CA,JAKR,,,94.000,65
NW,ENZELSBERG,-25,-25,-7,26,13,16,2526AC,JAKR,,,94.800,73
NW,GROOT MARICO,-25,-37,-11,26,26,8,2526CB,JAKR,,,95.500,80
MP,HOEDSPRUIT,-24,-32,-30,30,52,8,2430DB,JAKR,,,95.200,77
LP,LOUIS TRICHARDT,-23,0,-2,29,45,26,2329BB,JAKR,,,93.900,64
MP,LYDENBURG,-25,-6,-20,30,26,3,2530AB,JAKR,,,96.000,85
GP,MENLO PARK,-25,-46,-16,28,16,5,2528CD,JAKR,,,95.300,78
MP,MIDDELBURG,-25,-49,-4,29,23,24,2529CD,JAKR,,,95.000,75
MP,NELSPRUIT,-25,-30,-57,30,46,33,2530DB,JAKR,,,95.700,82
LP,NYLSTROOM,-24,-47,-58,28,25,59,2428CD,JAKR,,,96.100,86
MP,PIET RETIEF,-27,-1,-11,30,41,3,2730BA,JAKR,,,95.300,78
LP,POTGIETERSRUS,-24,-9,-24,29,14,10,2429AA,JAKR,,,94.600,71
GP,PRETORIA,-25,-41,-21,27,59,2,2527DB,JAKR,,,94.200,67
NW,RUSTENBURG,-25,-36,-59,27,7,5,2527CA,JAKR,,,93.900,64
MP,SABIE,-25,-7,-46,30,45,35,2530BB,JAKR,,,97.100,96
LP,THABAZIMBI,-24,-27,-59,27,36,51,2427BC,JAKR,,,95.100,76
LP,TZANEEN,-23,-47,-6,30,0,17,2330CC,JAKR,,,95.800,83
MP,VOLKSRUST,-27,-18,-33,29,53,15,2729BD,JAKR,,,95.800,83
NW,ZEERUST,-25,-51,-37,26,2,51,2526CC,JAKR,,,95.800,83
EC,MOUNT AYLIFF,-30,-50,-11,29,23,41,3029CD,JANE,,,100.500,130
GP,SOWETO,-26,-10,-48,27,50,42,2627BB,JOZI,,,105.800,183
GP,TSAKANE,-26,-21,-7,28,22,12,2628AD,KAKO,,,103.600,161
NW,MOGWASE,-25,-10,-34,27,16,51,2527AB,KGAT,,,91.300,38
WC,KNYSNA 1,-34,-1,-50,23,3,18,3423AA,KNYS,,,97.000,95
NW,MOTSWEDI,-25,-16,-55,25,52,18,2525BD,KOPA,,,100.000,125
NW,ZEERUST,-25,-51,-37,26,2,51,2526CC,KOPA,,,103.500,160
MP,MIDDELBURG 2,-25,-45,-56,29,26,23,2529CD,KOSM,,,99.300,118
EC,KAREEDOUW,-34,-1,-29,24,25,48,3424AB,KOUG,,,97.800,103
FS,BLOEMFONTEIN,-29,-6,-4,26,13,44,2926AA,KOVS,,,97.000,95
MP,DAVEL,-26,-27,-30,29,37,26,2629BC,KRAG,,,104.900,174
MP,MIDDELBURG,-25,-49,-4,29,23,24,2529CD,KRAG,,,93.100,56
FS,SASOLBURG 1,-26,-50,-14,27,51,24,2627DD,KRBO,,,103.700,162
EC,EAST LONDON,-32,-56,-20,27,48,56,3227DD,KUMK,,,95.800,83
NC,KURUMAN HILLS,-27,-53,-13,23,33,38,2723DC,KURA,,,98.900,114
KN,PIETERMARITZBURG,-29,-34,-47,30,19,49,2930CB,KZNF,,,104.000,165
EC,STERKSPRUIT,-30,-41,-44,27,16,14,3027CB,LAFM,,,107.200,197
GP,TSHWANE UNIVERSITY OF TECHN,-25,-43,-40,28,9,30,2528CA,LEKK,,,91.900,44
GP,LENASIA 1,-26,-19,0,27,50,0,2627BD,LENZ,,,93.600,61
LP,GA-MABULA,-23,-37,-26,27,58,15,2327DB,LEPH,,,87.800,3
,LERIBE,-28,-52,0,28,10,0,2828CC,LNBS,,,89.700,22
,LERIBE,-28,-52,0,28,10,0,2828CC,LNBS,,,92.800,53
,LERIBE,-28,-52,0,28,10,0,2828CC,LNBS,,,96.000,85
,LERIBE,-28,-52,0,28,10,0,2828CC,LNBS,,,99.300,118
,LERIBE,-28,-52,0,28,10,0,2828CC,LNBS,,,102.800,153
,LERIBE,-28,-52,0,28,10,0,2828CC,LNBS,,,106.400,189
,LERIBE,-28,-52,0,28,10,0,2828CC,LNBS,,,471.250,21
,MAFETENG,-29,-51,-37,27,16,12,2927CD,LNBS,,,87.600,1
,MAFETENG,-29,-51,-37,27,16,12,2927CD,LNBS,,,93.900,64
,MAFETENG,-29,-51,-37,27,16,12,2927CD,LNBS,,,90.700,32
,MAFETENG,-29,-51,-37,27,16,12,2927CD,LNBS,,,100.700,132
,MAFETENG,-29,-51,-37,27,16,12,2927CD,LNBS,,,97.200,97
,MAFETENG,-29,-51,-37,27,16,12,2927CD,LNBS,,,104.300,168
,MAFETENG,-29,-49,0,27,26,0,2927CD,LNBS,,,615.250,39
,MANTSONYANE,-29,-32,0,28,13,0,,LNBS,,,679.250,47
,MANTSONYANE,-29,-32,0,28,13,0,,LNBS,,,711.250,51
,MASERU,-29,-18,-44,27,33,18,2927BC,LNBS,,,199.250,7
,MASERU,-29,-18,-44,27,33,18,2927BC,LNBS,,,535.250,29
,MASERU,-29,-18,-44,27,33,18,2927BC,LNBS,,,567.250,33
,MASERU,-29,-21,0,27,35,0,2921BC,LNBS,,,106.900,194
,MASERU,-29,-21,0,27,35,0,2921BC,LNBS,,,103.300,158
,MASERU,-29,-21,0,27,35,0,2921BC,LNBS,,,96.500,90
,MASERU,-29,-21,0,27,35,0,2921BC,LNBS,,,93.300,58
,MASERU,-29,-21,0,27,35,0,2921BC,LNBS,,,90.200,27
,MASERU,-29,-21,0,27,35,0,2921BC,LNBS,,,535.250,29
,MOHALES HOEK,-30,-9,0,27,30,0,,LNBS,,,95.600,81
,MOHALES HOEK,-30,-9,0,27,30,0,,LNBS,,,92.400,49
,MOHALES HOEK,-30,-9,0,27,30,0,,LNBS,,,89.300,18
,MOKHOTLONG,-29,-16,0,28,58,0,,LNBS,,,231.250,11
,MOKHOTLONG,-29,-16,0,28,58,0,,LNBS,,,103.600,161
,MOKHOTLONG,-29,-16,0,28,58,0,,LNBS,,,107.200,197
,MOKHOTLONG,-29,-16,0,28,58,0,,LNBS,,,100.100,126
,MOKHOTLONG,-29,-16,0,28,58,0,,LNBS,,,495.250,24
,MOKHOTLONG,-29,-16,0,28,58,0,,LNBS,,,591.250,36
,PELA TSOEU PASS,-28,-59,0,28,26,0,,LNBS,,,175.250,4
,PELA TSOEU PASS,-28,-59,0,28,26,0,,LNBS,,,503.250,25
,PELA TSOEU PASS,-28,-59,0,28,26,0,,LNBS,,,503.250,25
,QACHAS NEK,-30,-5,0,28,41,0,,LNBS,,,97.000,95
,QACHAS NEK,-30,-5,0,28,41,0,,LNBS,,,104.100,166
,QACHAS NEK,-30,-5,0,28,41,0,,LNBS,,,107.500,200
,QUTHING,-30,-25,-3,27,42,21,3027BB,LNBS,,,98.900,114
,QUTHING,-30,-25,-3,27,42,21,3027BB,LNBS,,,106.000,185
,QUTHING,-30,-25,-3,27,42,21,3027BB,LNBS,,,102.400,149
,SEHLABATHEBE,-29,-52,0,28,58,0,,LNBS,,,735.250,54
,SEHLABATHEBE,-29,-52,0,28,58,0,,LNBS,,,767.250,58
,THABA PUTSOA,-29,-44,0,27,55,0,,LNBS,,,615.250,39
,THABA PUTSOA,-29,-44,0,27,55,0,,LNBS,,,647.250,43
,THABA PUTSOA,-29,-44,0,27,55,0,,LNBS,,,223.250,10
,THABA TSEKA,-29,-30,-55,28,28,4,2928BC,LNBS,,,90.500,30
,THABA TSEKA,-29,-30,-55,28,28,4,2928BC,LNBS,,,93.600,61
,THABA TSEKA,-29,-30,-55,28,28,4,2928BC,LNBS,,,96.800,93
,THABA TSEKA,-29,-30,-55,28,28,4,2928BC,LNBS,,,527.250,28
,THABA TSEKA,-29,-30,-55,28,28,4,2928BC,LNBS,,,559.250,32
,THABA TSEKA,-29,-30,-55,28,28,4,2928BC,LNBS,,,207.250,8
,TUMAHOLE,-29,-47,0,28,33,0,,LNBS,,,799.250,62
,TUMAHOLE,-29,-47,0,28,33,0,,LNBS,,,831.250,66
,TUMAHOLE,-29,-47,0,28,33,0,,LNBS,,,183.250,5
EC,ALICEDALE,-33,-19,-28,26,5,49,3326AC,LOBO,Umhlobowenene,,91.300,38
EC,ALIWAL NORTH,-30,-47,-5,26,34,0,3026DC,LOBO,Umhlobowenene,,91.700,42
EC,ANDRIESKRAAL,-33,-46,-42,24,42,35,3324DC,LOBO,Umhlobowenene,,93.200,57
EC,BARKLY EAST,-30,-51,-30,27,26,0,3027CD,LOBO,Umhlobowenene,,90.900,34
WC,BEAUFORT WEST,-32,-15,-30,22,30,23,3222BC,LOBO,,,90.700,32
EC,BEDFORD,-32,-37,-57,26,2,57,3226CA,LOBO,Umhlobowenene,,90.800,33
FS,BETHULIE,-30,-29,-32,25,58,27,3025BD,LOBO,,,107.800,203
FS,BLOEMFONTEIN,-29,-6,-4,26,13,44,2926AA,LOBO,,,94.800,73
FS,BOESMANSKOP,-30,0,-29,27,12,53,3027AA,LOBO,,,91.200,37
EC,BURGERSDORP,-31,0,-2,26,20,21,3126AB,LOBO,Umhlobowenene,,97.100,96
EC,BUTTERWORTH,-32,-16,-35,28,12,24,3228AC,LOBO,Umhlobowenene,,91.100,36
EC,CALA,-31,-33,-15,27,45,2,3127DB,LOBO,Umhlobowenene,,93.400,59
EC,CALA LUFUTHA,-31,-40,-50,27,40,48,3127DA,LOBO,Umhlobowenene,,101.200,137
WC,CALITZDORP,-33,-32,-12,21,41,25,3321DA,LOBO,,,93.500,60
WC,CAPE TOWN,-34,-3,-18,18,23,11,3418AB,LOBO,,,92.100,46
NC,COLESBERG,-30,-42,-30,25,3,28,3025CA,LOBO,,,93.800,63
EC,CRADOCK,-32,-18,-1,25,32,27,3225BC,LOBO,Umhlobowenene,,92.700,52
NC,DE AAR,-30,-27,-50,23,59,13,3023BD,LOBO,,,92.000,45
KN,DURBAN,-29,-46,-12,30,43,0,2930DC,LOBO,,,96.200,87
EC,EAST LONDON,-32,-56,-20,27,48,56,3227DD,LOBO,Umhlobowenene,,91.600,41
EC,ELANDS HEIGHT,-30,-47,-44,28,7,10,3028CC,LOBO,Umhlobowenene,,89.800,23
EC,ELLIOT,-31,-10,-36,27,51,57,3127BB,LOBO,Umhlobowenene,,91.400,39
EC,ENTSHATSHONGO,-32,-8,-39,28,40,10,3228BA,LOBO,Umhlobowenene,,87.600,1
WC,FRANSCHHOEK,-33,-54,-26,19,4,23,3319CC,LOBO,,,90.700,32
WC,GEORGE,-33,-55,-38,22,27,3,3322CD,LOBO,,,88.600,11
WC,GLENTANA,-34,-2,-56,22,16,50,3422AB,LOBO,,,91.200,37
EC,GRAAFF-REINET,-32,-4,-48,24,27,0,3224AB,LOBO,Umhlobowenene,,93.300,58
EC,GRAHAMSTOWN,-33,-17,-15,26,42,31,3326BC,LOBO,Umhlobowenene,,93.500,60
WC,HAARLEM,-33,-42,-56,23,11,58,3323CA,LOBO,,,102.300,148
EC,HANKEY,-33,-49,-52,24,52,12,3324DD,LOBO,Umhlobowenene,,91.000,35
WC,HERBERTSDALE,-34,0,-48,21,46,10,3421BB,LOBO,,,107.600,201
EC,HOFMEYER,-31,-39,-13,25,48,30,3125DB,LOBO,Umhlobowenene,,105.500,180
EC,HOLY CROSS,-31,-8,-25,29,29,27,3129BA,LOBO,Umhlobowenene,,92.300,48
EC,JANSENVILLE,-32,-56,-20,24,40,5,3224DC,LOBO,Umhlobowenene,,96.900,94
GP,JOHANNESBURG,-26,-11,-31,28,0,26,2628AA,LOBO,,,93.200,57
EC,JOUBERTINA,-33,-49,-15,23,52,17,3323DD,LOBO,Umhlobowenene,,88.900,14
EC,KAREEDOUW,-34,-1,-29,24,25,48,3424AB,LOBO,Umhlobowenene,,92.900,54
EC,KAREEDOUW LP,-33,-57,-5,24,18,15,3324CD,LOBO,Umhlobowenene,,99.000,115
FS,KIMBERLEY,-28,-51,-15,24,54,17,2824DD,LOBO,,,106.900,194
EC,KING WILLIAMS TOWN,-32,-40,-44,27,15,36,3227CB,LOBO,Umhlobowenene,,93.000,55
NW,KLERKSDORP,-26,-45,-15,26,24,28,2626CD,LOBO,,,91.200,37
EC,KLIPPLAAT,-33,-1,-1,24,20,27,3324AB,LOBO,Umhlobowenene,,90.600,31
WC,KNYSNA,-34,-4,-17,23,2,31,3423AA,LOBO,,,89.100,16
EC,KRAKEELRIVIER,-33,-48,-49,23,43,30,3323DC,LOBO,Umhlobowenene,,89.200,17
NC,LEKKERSING,-29,0,-4,17,5,56,2917AA,LOBO,,,95.600,81
EC,LOUTERWATER,-33,-45,-1,23,31,9,3323DC,LOBO,Umhlobowenene,,95.500,80
EC,MACLEAR LP,-31,-5,-6,28,21,53,3128AB,LOBO,Umhlobowenene,,92.300,48
EC,MATATIELE,-30,-23,-45,28,49,19,3028BD,LOBO,Umhlobowenene,,91.500,40
NW,MMABATHO,-25,-50,-22,25,36,46,2525DC,LOBO,,,95.000,75
EC,MOUNT AYLIFF,-30,-50,-11,29,23,41,3029CD,LOBO,Umhlobowenene,,93.200,57
WC,NATURE'S VALLEY,-33,-58,24,23,34,28,3334DC,LOBO,,,107.300,198
EC,NOUPOORT,-31,-18,-14,24,56,1,3124BD,LOBO,Umhlobowenene,,91.400,39
WC,OUDTSHOORN,-33,-40,-17,22,16,1,3322CB,LOBO,,,89.500,20
WC,PAARL,-33,-42,-51,18,56,23,3318DB,LOBO,,,91.600,41
EC,PATENSIE,-33,-45,-35,24,49,42,3324DD,LOBO,Umhlobowenene,,91.600,41
EC,PAUL SAUER DAM,-33,-45,-13,24,33,43,3324DC,LOBO,Umhlobowenene,,93.600,61
EC,PEARSTON,-32,-35,-12,25,8,17,3225CA,LOBO,Umhlobowenene,,97.100,96
FS,PETRUS STEYN,-27,-31,9,28,19,6,2728CB,LOBO,,,89.900,24
WC,PIKETBERG,-32,-49,-9,18,44,17,3218DC,LOBO,,,91.100,36
WC,PLETTENBERG BAY,-34,-3,-34,23,22,25,3423AB,LOBO,,,90.800,33
EC,PORT ELIZABETH,-33,-56,-10,25,26,27,3325CD,LOBO,Umhlobowenene,,92.300,48
KN,PORT SHEPSTONE,-30,-44,-8,30,17,18,3030CB,LOBO,,,98.600,111
EC,PORT ST JOHNS,-31,-36,-39,29,31,39,3129DA,LOBO,Umhlobowenene,,93.700,62
NC,PRIESKA,-29,-40,-52,22,36,57,2922DA,LOBO,,,90.800,33
EC,QUEENSTOWN,-31,-43,-56,26,47,5,3126DB,LOBO,Umhlobowenene,,92.200,47
EC,RHODES,-30,-48,-9,27,57,36,3027DD,LOBO,Umhlobowenene,,95.100,76
NC,RICHMOND NC,-31,-24,-52,23,57,5,3123BD,LOBO,,,89.700,22
WC,SALDANHA,-33,0,-11,17,55,55,3317BB,LOBO,,,92.800,53
NC,SANDDRIF,-28,-25,-33,16,46,46,2816AD,LOBO,,,95.600,81
WC,SEA POINT,-33,-54,-33,18,23,51,3318CD,LOBO,,,93.500,60
NC,SENDELINGSDRIF,-28,-7,-30,16,53,48,2816BB,LOBO,,,102.400,149
FS,SPRINGFONTEIN,-30,-16,-14,25,46,8,3025BD,LOBO,,,92.600,51
WC,STELLENBOSCH,-33,-54,-59,18,52,10,3318DD,LOBO,,,90.900,34
EC,STERKSPRUIT,-30,-41,-44,27,16,14,3027CB,LOBO,Umhlobowenene,,103.700,162
EC,STEYTLERVILLE,-33,-19,0,24,20,40,3324AD,LOBO,Umhlobowenene,,96.900,94
KN,STRAALHOEK,-30,-20,-49,29,50,53,3029BD,LOBO,,,91.900,44
EC,SUURBERG,-33,-14,-55,25,34,27,3325BA,LOBO,Umhlobowenene,,91.800,43
WC,TABLE MOUNTAIN,-33,-57,-26,18,24,11,3318CD,LOBO,,,92.500,50
FS,THEUNISSEN,-28,-11,-55,26,34,50,2826BA,LOBO,,,93.800,63
EC,UGIE,-31,-11,-28,27,58,26,3127BB,LOBO,Umhlobowenene,,92.600,51
EC,UMTATA,-31,-35,-48,28,44,36,3128DA,LOBO,Umhlobowenene,,92.000,45
NC,UPINGTON,-28,-52,-58,21,44,11,2821DC,LOBO,,,91.700,42
WC,VILLIERSDORP,-33,-58,-10,19,30,22,3319DC,LOBO,,,93.300,58
GP,WELVERDIEND,-26,-26,-48,27,14,53,2627AC,LOBO,,,100.200,127
EC,WHITTLESEA,-32,-12,-28,26,48,40,3226BB,LOBO,Umhlobowenene,,97.000,95
KN,DURBAN,-29,-46,-12,30,43,0,2930DC,LTUS,,,87.700,2
KN,DURBAN NORTH,-29,-45,-52,31,2,24,2931CC,LTUS,,,89.400,19
KN,EMPANGENI,-28,-44,-38,31,53,31,2831DB,LTUS,,,92.100,46
KN,ESHOWE,-28,-51,-29,31,17,37,2831CD,LTUS,,,95.300,78
KN,GLENCOE,-28,-9,-4,29,56,51,2829BB,LTUS,,,90.000,25
GP,JOHANNESBURG,-26,-11,-31,28,0,26,2628AA,LTUS,,,106.800,193
KN,LADYSMITH,-28,-35,-23,29,47,19,2829DB,LTUS,,,87.900,4
KN,PIETERMARITZBURG,-29,-34,-47,30,19,49,2930CB,LTUS,,,88.300,8
EC,PORT ELIZABETH,-33,-56,-10,25,26,27,3325CD,LTUS,Lotus,,98.300,108
KN,PORT SHEPSTONE,-30,-44,-8,30,17,18,3030CB,LTUS,,,88.200,7
GP,SUNNYSIDE,-25,-45,-58,28,12,21,2528CC,LTUS,,,100.600,131
KN,THE BLUFF,-29,-54,-42,31,0,44,2931CC,LTUS,,,88.900,14
WC,TYGERBERG,-33,-52,-31,18,35,44,3318DC,LTUS,,,97.800,103
KN,ULUNDI,-28,-27,0,31,23,38,2831AD,LTUS,,,98.600,111
EC,COFIMVABA 1,-31,-59,-56,27,36,0,3127DC,LUKH,,,107.300,198
NW,MMABATHO,-25,-50,-22,25,36,46,2525DC,MAFI,,,96.700,92
LP,GABA,-22,-47,-2,30,42,25,2230DC,MALA,,,94.500,70
FS,BETHLEHEM,-28,-14,-10,28,29,58,2828AB,MALU,,,97.100,96
GP,MAMELODI,-25,-42,-3,28,25,13,2528CB,MAMS,,,92.900,54
MP,LYDENBURG,-25,-6,-20,30,26,3,2530AB,MASH,,,91.700,42
EC,PORT ELIZABETH,-33,-56,-10,25,26,27,3325CD,MBTV,,,735.250,54
EC,EAST LONDON,-32,-56,-20,27,48,56,3227DD,MDAN,,,89.500,20
NW,MADIBOGO,-26,-27,-28,25,15,14,2625AD,MDBO,,,100.400,129
FS,BLOEMFONTEIN,-29,-6,-4,26,13,44,2926AA,MED,,,104.100,166
FS,BLOEMFONTEIN,-29,-6,-4,26,13,44,2926AA,METR,,,98.100,106
KN,DURBAN,-29,-46,-12,30,43,0,2930DC,METR,,,93.000,55
KN,DURBAN NORTH,-29,-45,-52,31,2,24,2931CC,METR,,,107.900,204
EC,EAST LONDON,-32,-56,-20,27,48,56,3227DD,METR,Metro FM,,107.700,202
KN,ESHOWE,-28,-51,-29,31,17,37,2831CD,METR,,,90.300,28
GP,JOHANNESBURG,-26,-11,-31,28,0,26,2628AA,METR,,,96.400,89
FS,KIMBERLEY,-28,-51,-15,24,54,17,2824DD,METR,,,102.200,147
MP,MIDDELBURG,-25,-49,-4,29,23,24,2529CD,METR,,,100.300,128
MP,NELSPRUIT,-25,-30,-57,30,46,33,2530DB,METR,,,88.000,5
KN,NEWCASTLE,-27,-43,-7,29,57,12,2729DB,METR,,,97.400,99
KN,NONGOMA,-27,-54,-18,31,39,27,2731DC,METR,,,89.800,23
EC,PARSONS HILL,-33,-57,-11,25,35,19,3325DC,METR,Metro FM,,87.900,4
NW,PILANESBERG,-25,-21,-7,27,5,35,2527AC,METR,,,96.500,90
EC,PORT ELIZABETH,-33,-56,-10,25,26,27,3325CD,METR,Metro FM,,100.500,130
LP,POTGIETERSRUS,-24,-9,-24,29,14,10,2429AA,METR,,,106.700,192
GP,PRETORIA,-25,-41,-21,27,59,2,2527DB,METR,,,92.400,49
NW,RUSTENBURG,-25,-36,-59,27,7,5,2527CA,METR,,,96.100,86
WC,SEA POINT,-33,-54,-33,18,23,51,3318CD,METR,,,91.700,42
WC,TABLE MOUNTAIN,-33,-57,-26,18,24,11,3318CD,METR,,,88.600,11
WC,TYGERBERG,-33,-52,-31,18,35,44,3318DC,METR,,,93.000,55
MP,PIET RETIEF,-27,-1,-11,30,41,3,2730BA,MKHO,,,98.600,111
NW,ZEERUST,-25,-51,-37,26,2,51,2526CC,MMAB,,,107.700,202
NW,MADIBOGO,-26,-27,-28,25,15,14,2625AD,MODI,,,91.700,42
FS,THABA NCHU,-29,-15,-24,26,45,45,2926BD,MOSU,,,107.400,199
FS,BLOEMFONTEIN,-29,-6,-4,26,13,44,2926AA,MOTH,,,88.500,10
FS,BLOEMFONTEIN,-29,-6,-4,26,13,44,2926AA,MOTS,,,93.000,55
NW,CHRISTIANA,-27,-53,-3,24,55,50,2724DD,MOTS,,,90.500,30
NW,ENZELSBERG,-25,-25,-7,26,13,16,2526AC,MOTS,,,88.500,10
NW,FAANS GROVE,-27,-5,-59,22,24,18,2722AB,MOTS,,,99.500,120
LP,GA-MABULA,-23,-37,-26,27,58,15,2327DB,MOTS,,,94.100,66
NW,GANYESA,-26,-36,-12,24,16,0,2624CB,MOTS,,,97.900,104
NW,GROOT MARICO,-25,-37,-11,26,26,8,2526CB,MOTS,,,89.200,17
NW,HEUNINGVLEI,-26,-17,-3,23,8,0,2623AC,MOTS,,,92.200,47
GP,JOHANNESBURG,-26,-11,-31,28,0,26,2628AA,MOTS,,,89.600,21
NW,KGOKGOJANE,-26,-44,-42,23,58,56,2623DB,MOTS,,,95.400,79
FS,KIMBERLEY,-28,-51,-15,24,54,17,2824DD,MOTS,,,87.900,4
NW,KLERKSDORP,-26,-45,-15,26,24,28,2626CD,MOTS,,,88.100,6
NC,KURUMAN,-27,-21,-5,23,18,49,2723AD,MOTS,,,101.900,144
NC,KURUMAN HILLS,-27,-53,-13,23,33,38,2723DC,MOTS,,,89.300,18
NW,LAXEY,-26,-43,-54,23,9,30,2623CA,MOTS,,,95.400,79
LP,LEEUPOORT,-24,-55,-22,27,38,50,2427DC,MOTS,,,102.900,154
NW,LOGAGANE,-25,-49,-9,24,53,20,2524DD,MOTS,,,87.600,1
NW,LOOPENG,-26,-46,-59,23,21,19,2623CD,MOTS,,,102.200,147
NW,LOUWNA,-26,-54,-23,24,8,40,2624CC,MOTS,,,90.800,33
NW,MADIBOGO,-26,-27,-28,25,15,14,2625AD,MOTS,,,88.600,11
NW,MADINONYANE,-26,-48,-42,23,46,58,2623DD,MOTS,,,89.100,16
NW,MAKADIMA,-25,-26,-41,25,49,10,2525BD,MOTS,,,90.400,29
GP,MENLO PARK,-25,-46,-16,28,16,5,2528CD,MOTS,,,89.000,15
NW,MMABATHO,-25,-50,-22,25,36,46,2525DC,MOTS,,,88.700,12
NW,MORETELETSE,-25,-17,-48,26,42,12,2526BC,MOTS,,,103.300,158
NW,MOTSWEDI,-25,-16,-55,25,52,18,2525BD,MOTS,,,107.100,196
MP,PANKOP,-25,-9,-44,28,24,16,2528AB,MOTS,,,95.400,79
FS,PETRUSVILLE,-30,-5,-17,24,39,20,3024BA,MOTS,,,107.200,197
NW,PIET PLESSIS,-26,-14,-56,24,49,55,2624BB,MOTS,,,89.700,22
NW,PILANESBERG,-25,-21,-7,27,5,35,2527AC,MOTS,,,90.200,27
NW,POMFRET,-25,-49,-52,23,34,44,2523DC,MOTS,,,97.600,101
GP,PRETORIA,-25,-41,-21,27,59,2,2527DB,MOTS,,,91.000,35
NW,RUSTENBURG,-25,-36,-59,27,7,5,2527CA,MOTS,,,87.600,1
NW,SANNIESHOF,-26,-32,-8,25,48,32,2625DB,MOTS,,,93.800,63
NW,SCHWEIZER RENEKE,-27,-8,-13,25,13,7,2725AA,MOTS,,,90.000,25
NW,SEVERN,-26,-35,-21,22,51,25,2622DC,MOTS,,,98.700,112
NW,SUPINGSTAD,-24,-47,-24,26,1,35,2426CC,MOTS,,,100.500,130
NW,TAUNG,-27,-31,-47,24,37,26,2724DA,MOTS,,,88.800,13
FS,THABA NCHU,-29,-15,-24,26,45,45,2926BD,MOTS,,,100.300,128
LP,THABAZIMBI,-24,-27,-59,27,36,51,2427BC,MOTS,,,88.800,13
FS,THEUNISSEN,-28,-11,-55,26,34,50,2826BA,MOTS,,,97.200,97
LP,TOLWE,-23,-4,-59,28,27,29,2328AB,MOTS,,,92.300,48
NC,UPINGTON,-28,-52,-58,21,44,11,2821DC,MOTS,,,88.600,11
GP,WELVERDIEND,-26,-26,-48,27,14,53,2627AC,MOTS,,,92.000,45
NW,ZEERUST,-25,-51,-37,26,2,51,2526CC,MOTS,,,89.500,20
MP,CAROLINA,-26,-10,-37,30,37,57,2630BA,MPWR,,,94.800,73
MP,DAVEL,-26,-27,-30,29,37,26,2629BC,MPWR,,,105.800,183
MP,DULLSTROOM,-25,-34,-21,30,11,17,2530CA,MPWR,,,101.600,141
MP,LYDENBURG,-25,-6,-20,30,26,3,2530AB,MPWR,,,89.700,22
MP,MIDDELBURG,-25,-49,-4,29,23,24,2529CD,MPWR,,,106.400,189
MP,NELSPRUIT,-25,-30,-57,30,46,33,2530DB,MPWR,,,94.300,68
MP,PIET RETIEF,-27,-1,-11,30,41,3,2730BA,MPWR,,,89.000,15
FS,KROONSTAD,-27,-25,-17,27,11,7,2727AC,MZOL,,,98.200,107
KN,NEWCASTLE,-27,-43,-7,29,57,12,2729DB,NCCR,,,103.700,162
LP,GABA,-22,-47,-2,30,42,25,2230DC,NENE,,,96.900,94
LP,GA-MAFEFE,-24,-11,-36,30,5,18,2430AA,NENE,,,91.800,43
LP,GIYANI,-23,-19,-31,30,40,24,2330BC,NENE,,,88.000,5
MP,HOEDSPRUIT,-24,-32,-30,30,52,8,2430DB,NENE,,,92.000,45
GP,JOHANNESBURG,-26,-11,-31,28,0,26,2628AA,NENE,,,103.200,157
LP,LOUIS TRICHARDT,-23,0,-2,29,45,26,2329BB,NENE,,,91.900,44
LP,MATAUNG,-24,-10,-58,30,3,27,2430AA,NENE,,,105.400,179
LP,MHINGA,-22,-45,-42,30,53,50,2230DD,NENE,,,107.600,201
MP,NELSPRUIT,-25,-30,-57,30,46,33,2530DB,NENE,,,89.400,19
LP,POTGIETERSRUS,-24,-9,-24,29,14,10,2429AA,NENE,,,99.600,121
GP,PRETORIA,-25,-41,-21,27,59,2,2527DB,NENE,,,95.600,81
LP,PUNDA MARIA,-22,-43,-28,30,59,19,2230DB,NENE,,,91.000,35
LP,TZANEEN,-23,-47,-6,30,0,17,2330CC,NENE,,,92.600,51
EC,GRAHAMSTOWN,-33,-17,-15,26,42,31,3326BC,NGQU,,,99.500,120
KN,NKANDLA,-28,-37,-33,31,4,36,2831CA,NKAN,,,102.100,146
MP,HECTORSPRUIT,-25,-28,-47,31,36,20,2531BC,NKOM,,,104.800,173
MP,MBUZINI,-25,-52,-26,31,54,53,2531DD,NKOM,,,100.200,127
,AMINUIS,-23,-42,0,19,21,0,2319CB,NMT1,,,471.250,21
,ANDARA,-18,-2,0,21,25,0,1821AB,NMT1,,,751.250,56
,ARIAMSVLEI,-28,-8,0,19,50,0,2819BB,NMT1,,,623.250,40
,AROAB,-26,-45,0,19,38,0,2919DC,NMT1,,,599.250,37
,AUS,-26,-35,0,16,30,0,2616DA,NMT1,,,623.250,40
,BETHANIEN,-26,-30,0,17,15,0,,NMT1,,,751.250,56
,DIAMANTPOORT,-27,-7,0,16,53,0,2716BB,NMT1,,,487.250,23
,FONTEINE,-20,-15,0,14,6,0,2014AC,NMT1,,,623.250,40
,GOBABIS,-22,-32,-20,18,51,16,2218DB,NMT1,,,743.250,55
,KAMANJAB,-19,-35,0,14,53,0,1914DB,NMT1,,,479.250,22
,KATIMAMULILO,-17,-50,0,24,35,0,1724DC,NMT1,,,487.250,23
,KEETMANSHOOP,-26,-34,-45,18,8,16,2618CB,NMT1,,,471.250,21
,KLEINAUB,-23,-44,0,16,37,0,2316DA,NMT1,,,743.250,55
,KLEINWINDHOEK,-22,-35,0,17,6,0,2217CA,NMT1,,,735.250,54
,KOES,-25,-55,0,19,9,0,2519CC,NMT1,,,743.250,55
,LUDERITZBUCHT,-26,-30,0,15,9,0,2615CA,NMT1,,,495.250,24
,MALTAHOHE,-24,-51,0,17,10,0,2417CC,NMT1,,,727.250,53
,MARIENTAL,-24,-27,-20,17,55,0,2417BD,NMT1,,,615.250,39
,NAUS,-25,-45,0,16,30,0,2516CD,NMT1,,,479.250,22
,NM1,-28,-20,0,18,0,0,2818AC,NMT1,,,495.250,24
,NM11,-25,-10,0,16,15,0,2516AB,NMT1,,,735.250,54
,NM15,-24,-5,0,16,55,0,2416BB,NMT1,,,487.250,23
,NM18,-23,-45,0,15,15,0,2315CD,NMT1,,,607.250,38
,NM25,-22,-25,0,18,8,0,2218AC,NMT1,,,607.250,38
,NM27,-21,-43,0,15,32,0,2115DA,NMT1,,,615.250,39
,NM29,-21,-40,0,17,35,0,2117DA,NMT1,,,727.250,53
,NM30,-21,-30,0,18,35,0,2118DA,NMT1,,,495.250,24
,NM32,-21,-10,0,14,30,0,2114AC,NMT1,,,487.250,23
,NM38,-20,-31,0,19,35,0,2019DA,NMT1,,,735.250,54
,NM39,-20,-37,0,20,12,0,2020CA,NMT1,,,479.250,22
,NM40,-19,-35,0,13,35,0,1913CA,NMT1,,,735.250,54
,NM46,-19,-45,0,19,40,0,1919DC,NMT1,,,471.250,21
,NM48,-18,-50,0,12,50,0,1812DD,NMT1,,,471.250,21
,NM50,-18,-50,0,15,0,0,1815CC,NMT1,,,727.250,53
,NM53,-18,-55,0,18,20,0,1818CD,NMT1,,,607.250,38
,NM54,-18,-55,0,19,5,0,1819CC,NMT1,,,743.250,55
,NM55,-18,-52,0,20,30,0,1820DC,NMT1,,,487.250,23
,NM56,-17,-55,0,12,25,0,1712CD,NMT1,,,727.250,53
,NM58,-18,-3,0,14,30,0,1814BA,NMT1,,,487.250,23
,NM61,-18,-2,0,17,30,0,1817BA,NMT1,,,511.250,26
,NM62,-18,-2,0,18,30,0,1818BA,NMT1,,,727.250,53
,NM63,-18,-2,0,19,30,0,1819BA,NMT1,,,495.250,24
,NM64,-18,-2,0,20,30,0,1820BA,NMT1,,,623.250,40
,NM66,-17,-55,0,22,35,0,1722DC,NMT1,,,471.250,21
,NM67,-17,-52,0,23,35,0,1723DC,NMT1,,,631.250,41
,NM71,-24,-30,0,19,15,0,2419CB,NMT1,,,623.250,40
,NM72,-23,-8,0,19,45,0,2319BB,NMT1,,,599.250,37
,OKAHANDJA,-21,-40,0,16,50,0,2116DB,NMT1,,,599.250,37
,OKAKARARA,-20,-41,-3,17,30,0,2017DA,NMT1,,,615.250,39
,OMATAKO,-21,-12,0,16,43,0,2116BA,NMT1,,,471.250,21
,ONDANGWA,-18,-5,0,16,30,0,1816BA,NMT1,,,767.250,58
,OPUWA,-18,-10,0,13,40,0,1813BA,NMT1,,,743.250,55
,ORANJEMUND,-28,-9,0,16,32,0,2816BA,NMT1,,,599.250,37
,OROS,-20,-13,0,17,4,0,2017AA,NMT1,,,487.250,23
,OSHAKATI,-17,-47,0,15,43,0,1715DC,NMT1,,,615.250,39
,PARESIS,-20,-23,0,16,19,0,2016AD,NMT1,,,743.250,55
,POS3,-21,-36,0,19,25,0,2119CB,NMT1,,,623.250,40
,REHOBOTH,-23,-20,0,17,30,0,2317BC,NMT1,,,751.250,56
,RENOSTERKOP,-20,-31,0,15,15,0,2015CB,NMT1,,,607.250,38
,ROSSING,-22,-31,0,14,49,0,2214DB,NMT1,,,727.250,53
,SIGNALBERG,-19,-34,0,17,42,0,1917DA,NMT1,,,751.250,56
,STAMPRIET,-24,-19,0,18,27,0,2418AD,NMT1,,,495.250,24
,TIERVLEI,-19,-17,0,15,46,0,1915BD,NMT1,,,527.250,28
,TSUMEB,-19,-13,-47,17,43,0,1917BA,NMT1,,,623.250,40
,TSUMKWE,-19,-42,0,20,35,0,1920DA,NMT1,,,599.250,37
,UR,-27,-31,0,18,32,0,2718DA,NMT1,,,735.250,54
,WALVISBAAI,-22,-57,0,14,30,0,2214DC,NMT1,,,479.250,22
,WARMQUELLE,-19,0,0,13,50,0,1913BB,NMT1,,,599.250,37
,WINDHOEK,-22,-43,0,17,4,0,2217CA,NMT1,,,479.250,22
,WITWATERSBERGE,-22,-41,0,15,48,0,2215DB,NMT1,,,495.250,24
,AMINUIS,-23,-42,0,19,21,0,2319CB,NMT2,,,503.250,25
,ANDARA,-18,-2,0,21,25,0,1821AB,NMT2,,,783.250,60
,ARIAMSVLEI,-28,-8,0,19,50,0,2819BB,NMT2,,,655.250,44
,AROAB,-26,-45,0,19,38,0,2919DC,NMT2,,,631.250,41
,AUS,-26,-35,0,16,30,0,2616DA,NMT2,,,655.250,44
,BETHANIEN,-26,-30,0,17,15,0,,NMT2,,,783.250,60
,BRUKKAROS,-25,-52,0,17,47,0,2517DD,NMT2,,,639.250,42
,DIAMANTPOORT,-27,-7,0,16,53,0,2716BB,NMT2,,,519.250,27
,FONTEINE,-20,-15,0,14,6,0,2014AC,NMT2,,,655.250,44
,GOBABIS,-22,-32,-20,18,51,16,2218DB,NMT2,,,775.250,59
,KAMANJAB,-19,-35,0,14,53,0,1914DB,NMT2,,,511.250,26
,KATIMAMULILO,-17,-50,0,24,35,0,1724DC,NMT2,,,519.250,27
,KEETMANSHOOP,-26,-34,-45,18,8,16,2618CB,NMT2,,,503.250,25
,KLEINAUB,-23,-44,0,16,37,0,2316DA,NMT2,,,775.250,59
,KLEINWINDHOEK,-22,-35,0,17,6,0,2217CA,NMT2,,,767.250,58
,KOES,-25,-55,0,19,9,0,2519CC,NMT2,,,775.250,59
,LUDERITZBUCHT,-26,-30,0,15,9,0,2615CA,NMT2,,,527.250,28
,MALTAHOHE,-24,-51,0,17,10,0,2417CC,NMT2,,,759.250,57
,MARIENTAL,-24,-27,-20,17,55,0,2417BD,NMT2,,,647.250,43
,NAUS,-25,-45,0,16,30,0,2516CD,NMT2,,,511.250,26
,NM1,-28,-20,0,18,0,0,2818AC,NMT2,,,527.250,28
,NM11,-25,-10,0,16,15,0,2516AB,NMT2,,,767.250,58
,NM15,-24,-5,0,16,55,0,2416BB,NMT2,,,519.250,27
,NM18,-23,-45,0,15,15,0,2315CD,NMT2,,,639.250,42
,NM25,-22,-25,0,18,8,0,2218AC,NMT2,,,639.250,42
,NM27,-21,-43,0,15,32,0,2115DA,NMT2,,,647.250,43
,NM29,-21,-40,0,17,35,0,2117DA,NMT2,,,759.250,57
,NM30,-21,-30,0,18,35,0,2118DA,NMT2,,,527.250,28
,NM32,-21,-10,0,14,30,0,2114AC,NMT2,,,519.250,27
,NM38,-20,-31,0,19,35,0,2019DA,NMT2,,,767.250,58
,NM39,-20,-37,0,20,12,0,2020CA,NMT2,,,511.250,26
,NM40,-19,-35,0,13,35,0,1913CA,NMT2,,,767.250,58
,NM46,-19,-45,0,19,40,0,1919DC,NMT2,,,503.250,25
,NM48,-18,-50,0,12,50,0,1812DD,NMT2,,,503.250,25
,NM50,-18,-50,0,15,0,0,1815CC,NMT2,,,759.250,57
,NM53,-18,-55,0,18,20,0,1818CD,NMT2,,,639.250,42
,NM54,-18,-55,0,19,5,0,1819CC,NMT2,,,775.250,59
,NM55,-18,-52,0,20,30,0,1820DC,NMT2,,,519.250,27
,NM56,-17,-55,0,12,25,0,1712CD,NMT2,,,759.250,57
,NM58,-18,-3,0,14,30,0,1814BA,NMT2,,,551.250,31
,NM61,-18,-2,0,17,30,0,1817BA,NMT2,,,543.250,30
,NM62,-18,-2,0,18,30,0,1818BA,NMT2,,,759.250,57
,NM63,-18,-2,0,19,30,0,1819BA,NMT2,,,527.250,28
,NM64,-18,-2,0,20,30,0,1820BA,NMT2,,,655.250,44
,NM66,-17,-55,0,22,35,0,1722DC,NMT2,,,503.250,25
,NM67,-17,-52,0,23,35,0,1723DC,NMT2,,,663.250,45
,NM71,-24,-30,0,19,15,0,2419CB,NMT2,,,655.250,44
,NM72,-23,-8,0,19,45,0,2319BB,NMT2,,,631.250,41
,OKAHANDJA,-21,-40,0,16,50,0,2116DB,NMT2,,,631.250,41
,OKAKARARA,-20,-41,-3,17,30,0,2017DA,NMT2,,,647.250,43
,OMATAKO,-21,-12,0,16,43,0,2116BA,NMT2,,,503.250,25
,ONDANGWA,-18,-5,0,16,30,0,1816BA,NMT2,,,799.250,62
,OPUWA,-18,-10,0,13,40,0,1813BA,NMT2,,,775.250,59
,ORANJEMUND,-28,-9,0,16,32,0,2816BA,NMT2,,,631.250,41
,OROS,-20,-13,0,17,4,0,2017AA,NMT2,,,519.250,27
,OSHAKATI,-17,-47,0,15,43,0,1715DC,NMT2,,,647.250,43
,PARESIS,-20,-23,0,16,19,0,2016AD,NMT2,,,775.250,59
,POS3,-21,-36,0,19,25,0,2119CB,NMT2,,,655.250,44
,REHOBOTH,-23,-20,0,17,30,0,2317BC,NMT2,,,783.250,60
,RENOSTERKOP,-20,-31,0,15,15,0,2015CB,NMT2,,,639.250,42
,ROSSING,-22,-31,0,14,49,0,2214DB,NMT2,,,759.250,57
,SIGNALBERG,-19,-34,0,17,42,0,1917DA,NMT2,,,783.250,60
,STAMPRIET,-24,-19,0,18,27,0,2418AD,NMT2,,,527.250,28
,TIERVLEI,-19,-17,0,15,46,0,1915BD,NMT2,,,559.250,32
,TSUMEB,-19,-13,-47,17,43,0,1917BA,NMT2,,,655.250,44
,TSUMKWE,-19,-42,0,20,35,0,1920DA,NMT2,,,631.250,41
,UR,-27,-31,0,18,32,0,2718DA,NMT2,,,767.250,58
,WALVISBAAI,-22,-57,0,14,30,0,2214DC,NMT2,,,511.250,26
,WARMQUELLE,-19,0,0,13,50,0,1913BB,NMT2,,,631.250,41
,WINDHOEK,-22,-43,0,17,4,0,2217CA,NMT2,,,511.250,26
,WITWATERSBERGE,-22,-41,0,15,48,0,2215DB,NMT2,,,527.250,28
,AMINUIS,-23,-42,0,19,21,0,2319CB,NMT3,,,535.250,29
,ANDARA,-18,-2,0,21,25,0,1821AB,NMT3,,,815.250,64
,ARIAMSVLEI,-28,-8,0,19,50,0,2819BB,NMT3,,,687.250,48
,AROAB,-26,-45,0,19,38,0,2919DC,NMT3,,,663.250,45
,AUS,-26,-35,0,16,30,0,2616DA,NMT3,,,687.250,48
,BETHANIEN,-26,-30,0,17,15,0,,NMT3,,,815.250,64
,BRUKKAROS,-25,-52,0,17,47,0,2517DD,NMT3,,,671.250,46
,DIAMANTPOORT,-27,-7,0,16,53,0,2716BB,NMT3,,,551.250,31
,FONTEINE,-20,-15,0,14,6,0,2014AC,NMT3,,,687.250,48
,GOBABIS,-22,-32,-20,18,51,16,2218DB,NMT3,,,807.250,63
,KAMANJAB,-19,-35,0,14,53,0,1914DB,NMT3,,,575.250,34
,KATIMAMULILO,-17,-50,0,24,35,0,1724DC,NMT3,,,583.250,35
,KEETMANSHOOP,-26,-34,-45,18,8,16,2618CB,NMT3,,,535.250,29
,KLEINAUB,-23,-44,0,16,37,0,2316DA,NMT3,,,807.250,63
,KLEINWINDHOEK,-22,-35,0,17,6,0,2217CA,NMT3,,,799.250,62
,KOES,-25,-55,0,19,9,0,2519CC,NMT3,,,807.250,63
,LUDERITZBUCHT,-26,-30,0,15,9,0,2615CA,NMT3,,,559.250,32
,MALTAHOHE,-24,-51,0,17,10,0,2417CC,NMT3,,,791.250,61
,MARIENTAL,-24,-27,-20,17,55,0,2417BD,NMT3,,,679.250,47
,NAUS,-25,-45,0,16,30,0,2516CD,NMT3,,,543.250,30
,NM1,-28,-20,0,18,0,0,2818AC,NMT3,,,559.250,32
,NM11,-25,-10,0,16,15,0,2516AB,NMT3,,,799.250,62
,NM15,-24,-5,0,16,55,0,2416BB,NMT3,,,551.250,31
,NM18,-23,-45,0,15,15,0,2315CD,NMT3,,,671.250,46
,NM25,-22,-25,0,18,8,0,2218AC,NMT3,,,671.250,46
,NM27,-21,-43,0,15,32,0,2115DA,NMT3,,,679.250,47
,NM29,-21,-40,0,17,35,0,2117DA,NMT3,,,791.250,61
,NM30,-21,-30,0,18,35,0,2118DA,NMT3,,,559.250,32
,NM32,-21,-10,0,14,30,0,2114AC,NMT3,,,551.250,31
,NM38,-20,-31,0,19,35,0,2019DA,NMT3,,,799.250,62
,NM39,-20,-37,0,20,12,0,2020CA,NMT3,,,543.250,30
,NM40,-19,-35,0,13,35,0,1913CA,NMT3,,,799.250,62
,NM46,-19,-45,0,19,40,0,1919DC,NMT3,,,535.250,29
,NM48,-18,-50,0,12,50,0,1812DD,NMT3,,,535.250,29
,NM50,-18,-50,0,15,0,0,1815CC,NMT3,,,791.250,61
,NM53,-18,-55,0,18,20,0,1818CD,NMT3,,,671.250,46
,NM54,-18,-55,0,19,5,0,1819CC,NMT3,,,807.250,63
,NM55,-18,-52,0,20,30,0,1820DC,NMT3,,,583.250,35
,NM56,-17,-55,0,12,25,0,1712CD,NMT3,,,791.250,61
,NM58,-18,-3,0,14,30,0,1814BA,NMT3,,,583.250,35
,NM61,-18,-2,0,17,30,0,1817BA,NMT3,,,575.250,34
,NM62,-18,-2,0,18,30,0,1818BA,NMT3,,,823.250,65
,NM63,-18,-2,0,19,30,0,1819BA,NMT3,,,559.250,32
,NM64,-18,-2,0,20,30,0,1820BA,NMT3,,,687.250,48
,NM67,-17,-52,0,23,35,0,1723DC,NMT3,,,695.250,49
,NM71,-24,-30,0,19,15,0,2419CB,NMT3,,,687.250,48
,NM72,-23,-8,0,19,45,0,2319BB,NMT3,,,663.250,45
,OKAHANDJA,-21,-40,0,16,50,0,2116DB,NMT3,,,663.250,45
,OKAKARARA,-20,-41,-3,17,30,0,2017DA,NMT3,,,679.250,47
,OMATAKO,-21,-12,0,16,43,0,2116BA,NMT3,,,535.250,29
,ONDANGWA,-18,-5,0,16,30,0,1816BA,NMT3,,,831.250,66
,OPUWA,-18,-10,0,13,40,0,1813BA,NMT3,,,807.250,63
,ORANJEMUND,-28,-9,0,16,32,0,2816BA,NMT3,,,663.250,45
,OROS,-20,-13,0,17,4,0,2017AA,NMT3,,,551.250,31
,OSHAKATI,-17,-47,0,15,43,0,1715DC,NMT3,,,679.250,47
,PARESIS,-20,-23,0,16,19,0,2016AD,NMT3,,,807.250,63
,POS3,-21,-36,0,19,25,0,2119CB,NMT3,,,687.250,48
,REHOBOTH,-23,-20,0,17,30,0,2317BC,NMT3,,,815.250,64
,RENOSTERKOP,-20,-31,0,15,15,0,2015CB,NMT3,,,671.250,46
,ROSSING,-22,-31,0,14,49,0,2214DB,NMT3,,,791.250,61
,SIGNALBERG,-19,-34,0,17,42,0,1917DA,NMT3,,,815.250,64
,STAMPRIET,-24,-19,0,18,27,0,2418AD,NMT3,,,559.250,32
,TIERVLEI,-19,-17,0,15,46,0,1915BD,NMT3,,,591.250,36
,TSUMEB,-19,-13,-47,17,43,0,1917BA,NMT3,,,719.250,52
,TSUMKWE,-19,-42,0,20,35,0,1920DA,NMT3,,,663.250,45
,UR,-27,-31,0,18,32,0,2718DA,NMT3,,,799.250,62
,WALVISBAAI,-22,-57,0,14,30,0,2214DC,NMT3,,,543.250,30
,WARMQUELLE,-19,0,0,13,50,0,1913BB,NMT3,,,663.250,45
,WINDHOEK,-22,-43,0,17,4,0,2217CA,NMT3,,,543.250,30
,WITWATERSBERGE,-22,-41,0,15,48,0,2215DB,NMT3,,,559.250,32
,AMINUIS,-23,-42,0,19,21,0,2319CB,NMT4,,,567.250,33
,ANDARA,-18,-2,0,21,25,0,1821AB,NMT4,,,847.250,68
,ARIAMSVLEI,-28,-8,0,19,50,0,2819BB,NMT4,,,719.250,52
,AROAB,-26,-45,0,19,38,0,2919DC,NMT4,,,695.250,49
,AUS,-26,-35,0,16,30,0,2616DA,NMT4,,,719.250,52
,BETHANIEN,-26,-30,0,17,15,0,,NMT4,,,847.250,68
,BRUKKAROS,-25,-52,0,17,47,0,2517DD,NMT4,,,607.250,38
,BRUKKAROS,-25,-52,0,17,47,0,2517DD,NMT4,,,703.250,50
,DIAMANTPOORT,-27,-7,0,16,53,0,2716BB,NMT4,,,583.250,35
,FONTEINE,-20,-15,0,14,6,0,2014AC,NMT4,,,719.250,52
,GOBABIS,-22,-32,-20,18,51,16,2218DB,NMT4,,,839.250,67
,KEETMANSHOOP,-26,-34,-45,18,8,16,2618CB,NMT4,,,567.250,33
,KLEINAUB,-23,-44,0,16,37,0,2316DA,NMT4,,,839.250,67
,KLEINWINDHOEK,-22,-35,0,17,6,0,2217CA,NMT4,,,831.250,66
,KOES,-25,-55,0,19,9,0,2519CC,NMT4,,,839.250,67
,LUDERITZBUCHT,-26,-30,0,15,9,0,2615CA,NMT4,,,591.250,36
,MALTAHOHE,-24,-51,0,17,10,0,2417CC,NMT4,,,823.250,65
,MARIENTAL,-24,-27,-20,17,55,0,2417BD,NMT4,,,711.250,51
,NAUS,-25,-45,0,16,30,0,2516CD,NMT4,,,575.250,34
,NM1,-28,-20,0,18,0,0,2818AC,NMT4,,,591.250,36
,NM11,-25,-10,0,16,15,0,2516AB,NMT4,,,831.250,66
,NM15,-24,-5,0,16,55,0,2416BB,NMT4,,,583.250,35
,NM18,-23,-45,0,15,15,0,2315CD,NMT4,,,703.250,50
,NM25,-22,-25,0,18,8,0,2218AC,NMT4,,,703.250,50
,NM27,-21,-43,0,15,32,0,2115DA,NMT4,,,711.250,51
,NM29,-21,-40,0,17,35,0,2117DA,NMT4,,,823.250,65
,NM30,-21,-30,0,18,35,0,2118DA,NMT4,,,591.250,36
,NM32,-21,-10,0,14,30,0,2114AC,NMT4,,,583.250,35
,NM38,-20,-31,0,19,35,0,2019DA,NMT4,,,831.250,66
,NM39,-20,-37,0,20,12,0,2020CA,NMT4,,,575.250,34
,NM40,-19,-35,0,13,35,0,1913CA,NMT4,,,831.250,66
,NM46,-19,-45,0,19,40,0,1919DC,NMT4,,,567.250,33
,NM50,-18,-50,0,15,0,0,1815CC,NMT4,,,823.250,65
,NM53,-18,-55,0,18,20,0,1818CD,NMT4,,,703.250,50
,NM54,-18,-55,0,19,5,0,1819CC,NMT4,,,839.250,67
,NM56,-17,-55,0,12,25,0,1712CD,NMT4,,,823.250,65
,NM63,-18,-2,0,19,30,0,1819BA,NMT4,,,591.250,36
,NM64,-18,-2,0,20,30,0,1820BA,NMT4,,,719.250,52
,NM71,-24,-30,0,19,15,0,2419CB,NMT4,,,719.250,52
,NM72,-23,-8,0,19,45,0,2319BB,NMT4,,,695.250,49
,OKAHANDJA,-21,-40,0,16,50,0,2116DB,NMT4,,,695.250,49
,OKAKARARA,-20,-41,-3,17,30,0,2017DA,NMT4,,,711.250,51
,OMATAKO,-21,-12,0,16,43,0,2116BA,NMT4,,,567.250,33
,OPUWA,-18,-10,0,13,40,0,1813BA,NMT4,,,839.250,67
,ORANJEMUND,-28,-9,0,16,32,0,2816BA,NMT4,,,695.250,49
,OROS,-20,-13,0,17,4,0,2017AA,NMT4,,,583.250,35
,OSHAKATI,-17,-47,0,15,43,0,1715DC,NMT4,,,711.250,51
,PARESIS,-20,-23,0,16,19,0,2016AD,NMT4,,,839.250,67
,POS3,-21,-36,0,19,25,0,2119CB,NMT4,,,719.250,52
,REHOBOTH,-23,-20,0,17,30,0,2317BC,NMT4,,,847.250,68
,RENOSTERKOP,-20,-31,0,15,15,0,2015CB,NMT4,,,703.250,50
,ROSSING,-22,-31,0,14,49,0,2214DB,NMT4,,,823.250,65
,SIGNALBERG,-19,-34,0,17,42,0,1917DA,NMT4,,,847.250,68
,STAMPRIET,-24,-19,0,18,27,0,2418AD,NMT4,,,591.250,36
,TSUMKWE,-19,-42,0,20,35,0,1920DA,NMT4,,,695.250,49
,UR,-27,-31,0,18,32,0,2718DA,NMT4,,,831.250,66
,WALVISBAAI,-22,-57,0,14,30,0,2214DC,NMT4,,,575.250,34
,WARMQUELLE,-19,0,0,13,50,0,1913BB,NMT4,,,695.250,49
,WINDHOEK,-22,-43,0,17,4,0,2217CA,NMT4,,,575.250,34
,WITWATERSBERGE,-22,-41,0,15,48,0,2215DB,NMT4,,,591.250,36
,BRUKKAROS,-25,-52,0,17,47,0,2517DD,NMT5,,,199.250,7
,GOBABIS,-22,-32,-20,18,51,16,2218DB,NMT5,,,175.250,4
,KAMANJAB,-19,-35,0,14,53,0,1914DB,NMT5,,,231.250,11
,KATIMAMULILO,-17,-50,0,24,35,0,1724DC,NMT5,,,223.250,10
,KEETMANSHOOP,-26,-34,-45,18,8,16,2618CB,NMT5,,,175.250,4
,KLEINAUB,-23,-44,0,16,37,0,2316DA,NMT5,,,231.250,11
,KLEINWINDHOEK,-22,-35,0,17,6,0,2217CA,NMT5,,,223.250,10
,LUDERITZBUCHT,-26,-30,0,15,9,0,2615CA,NMT5,,,207.250,8
,MALTAHOHE,-24,-51,0,17,10,0,2417CC,NMT5,,,183.250,5
,NM1,-28,-20,0,18,0,0,2818AC,NMT5,,,207.250,8
,NM27,-21,-43,0,15,32,0,2115DA,NMT5,,,175.250,4
,NM54,-18,-55,0,19,5,0,1819CC,NMT5,,,175.250,4
,NM64,-18,-2,0,20,30,0,1820BA,NMT5,,,223.250,10
,NM66,-17,-55,0,22,35,0,1722DC,NMT5,,,191.250,6
,NM72,-23,-8,0,19,45,0,2319BB,NMT5,,,183.250,5
,OKAKARARA,-20,-41,-3,17,30,0,2017DA,NMT5,,,223.250,10
,OPUWA,-18,-10,0,13,40,0,1813BA,NMT5,,,223.250,10
,ORANJEMUND,-28,-9,0,16,32,0,2816BA,NMT5,,,231.250,11
,OSHAKATI,-17,-47,0,15,43,0,1715DC,NMT5,,,175.250,4
,PARESIS,-20,-23,0,16,19,0,2016AD,NMT5,,,183.250,5
,POS3,-21,-36,0,19,25,0,2119CB,NMT5,,,231.250,11
,ROSSING,-22,-31,0,14,49,0,2214DB,NMT5,,,223.250,10
,SIGNALBERG,-19,-34,0,17,42,0,1917DA,NMT5,,,191.250,6
,STAMPRIET,-24,-19,0,18,27,0,2418AD,NMT5,,,223.250,10
,TSUMKWE,-19,-42,0,20,35,0,1920DA,NMT5,,,183.250,5
,UR,-27,-31,0,18,32,0,2718DA,NMT5,,,191.250,6
,WALVISBAAI,-22,-57,0,14,30,0,2214DC,NMT5,,,175.250,4
,WINDHOEK,-22,-43,0,17,4,0,2217CA,NMT5,,,191.250,6
,BRUKKAROS,-25,-52,0,17,47,0,2517DD,NMT6,,,231.250,11
,GOBABIS,-22,-32,-20,18,51,16,2218DB,NMT6,,,199.250,7
,KATIMAMULILO,-17,-50,0,24,35,0,1724DC,NMT6,,,247.130,13
,MALTAHOHE,-24,-51,0,17,10,0,2417CC,NMT6,,,207.250,8
,NM27,-21,-43,0,15,32,0,2115DA,NMT6,,,199.250,7
,NM54,-18,-55,0,19,5,0,1819CC,NMT6,,,199.250,7
,NM64,-18,-2,0,20,30,0,1820BA,NMT6,,,247.130,13
,NM66,-17,-55,0,22,35,0,1722DC,NMT6,,,215.250,9
,NM72,-23,-8,0,19,45,0,2319BB,NMT6,,,207.250,8
,OKAKARARA,-20,-41,-3,17,30,0,2017DA,NMT6,,,247.130,13
,OPUWA,-18,-10,0,13,40,0,1813BA,NMT6,,,247.130,13
,OSHAKATI,-17,-47,0,15,43,0,1715DC,NMT6,,,231.250,11
,PARESIS,-20,-23,0,16,19,0,2016AD,NMT6,,,207.250,8
,ROSSING,-22,-31,0,14,49,0,2214DB,NMT6,,,247.130,13
,SIGNALBERG,-19,-34,0,17,42,0,1917DA,NMT6,,,215.250,9
,STAMPRIET,-24,-19,0,18,27,0,2418AD,NMT6,,,247.130,13
,TSUMKWE,-19,-42,0,20,35,0,1920DA,NMT6,,,207.250,8
,UR,-27,-31,0,18,32,0,2718DA,NMT6,,,215.250,9
,WALVISBAAI,-22,-57,0,14,30,0,2214DC,NMT6,,,191.250,6
,WINDHOEK,-22,-43,0,17,4,0,2217CA,NMT6,,,215.250,9
,OSHAKATI,-17,-47,0,15,43,0,1715DC,NMT7,,,191.250,6
,WALVISBAAI,-22,-57,0,14,30,0,2214DC,NMT7,,,207.250,8
KN,NONGOMA,-27,-54,-18,31,39,27,2731DC,NONG,,,88.300,8
EC,PORT ELIZABETH,-33,-56,-10,25,26,27,3325CD,NQBL,,,97.000,95
KN,LADYSMITH,-28,-35,-23,29,47,19,2829DB,NQUB,,,100.500,130
KN,GLENCOE,-28,-9,-4,29,56,51,2829BB,NQUT,,,88.400,9
KN,NQUTU,-28,-15,-43,30,40,42,2830BC,NQUT,,,102.000,145
LP,MALAMBA,-22,-53,-56,30,15,9,2230CD,NZHE,,,103.000,155
WC,MILPARK,-33,-52,-12,18,30,17,3318DC,ONEF,,,94.000,65
FS,BETHLEHEM,-28,-14,-10,28,29,58,2828AB,ORAN,,,95.100,76
FS,BLOEMFONTEIN,-29,-6,-4,26,13,44,2926AA,ORAN,,,96.200,87
FS,BOESMANSKOP,-30,0,-29,27,12,53,3027AA,ORAN,,,94.400,69
NW,CHRISTIANA,-27,-53,-3,24,55,50,2724DD,ORAN,,,96.800,93
NC,DOUGLAS,-29,-4,-9,23,31,43,2923BA,ORAN,,,96.100,86
FS,FICKSBURG TOWN,-28,-52,-38,27,51,25,2827DD,ORAN,,,96.900,94
FS,KIMBERLEY,-28,-51,-15,24,54,17,2824DD,ORAN,,,94.200,67
NW,KLERKSDORP,-26,-45,-15,26,24,28,2626CD,ORAN,,,94.400,69
FS,KROONSTAD,-27,-25,-17,27,11,7,2727AC,ORAN,,,96.600,91
NC,KURUMAN HILLS,-27,-53,-13,23,33,38,2723DC,ORAN,,,95.600,81
FS,LADYBRAND,-29,-10,-18,27,22,42,2927AB,ORAN,,,95.300,78
FS,PETRUS STEYN,-27,-31,9,28,19,6,2728CB,ORAN,,,95.500,80
NW,POTCHEFSTROOM,-26,-43,-17,27,4,16,2627CA,ORAN,,,97.100,96
NC,PRIESKA,-29,-40,-52,22,36,57,2922DA,ORAN,,,94.000,65
FS,SASOLBURG 2,-26,-48,-59,27,49,50,2627DD,ORAN,,,93.700,62
NW,SCHWEIZER RENEKE,-27,-8,-13,25,13,7,2725AA,ORAN,,,96.300,88
FS,SENEKAL,-28,-15,-19,27,30,26,2827BC,ORAN,,,94.300,68
FS,SPRINGFONTEIN,-30,-16,-14,25,46,8,3025BD,ORAN,,,95.800,83
FS,THEUNISSEN,-28,-11,-55,26,34,50,2826BA,ORAN,,,95.700,82
NC,UPINGTON,-28,-52,-58,21,44,11,2821DC,ORAN,,,94.900,74
FS,VILJOENSKROON,-27,-4,-24,27,9,6,2727AA,OVER,,,96.100,86
LP,DZAMBA,-22,-49,-5,30,18,41,2230CD,PHAL,,,93.300,58
LP,GABA,-22,-47,-2,30,42,25,2230DC,PHAL,,,88.200,7
GP,JOHANNESBURG,-26,-11,-31,28,0,26,2628AA,PHAL,,,107.800,203
LP,LOUIS TRICHARDT,-23,0,-2,29,45,26,2329BB,PHAL,,,90.700,32
LP,MAKGAUNG,-24,-16,-58,30,28,40,2430AB,PHAL,,,106.600,191
LP,MALAMBA,-22,-53,-56,30,15,9,2230CD,PHAL,,,99.500,120
LP,MASISI,-22,-25,-21,30,51,44,2230BD,PHAL,,,107.900,204
LP,MATANGARI,-22,-48,-15,30,31,40,2230DA,PHAL,,,98.200,107
LP,MAVHUNGA,-22,-56,-27,30,7,18,2230CC,PHAL,,,104.700,172
LP,MOLEMA,-23,-18,-38,30,2,40,2330AC,PHAL,,,93.000,55
LP,MPZEMA,-22,-56,-40,30,10,5,2230CC,PHAL,,,101.600,141
LP,POTGIETERSRUS,-24,-9,-24,29,14,10,2429AA,PHAL,,,103.100,156
GP,PRETORIA,-25,-41,-21,27,59,2,2527DB,PHAL,,,100.100,126
LP,PUNDA MARIA,-22,-43,-28,30,59,19,2230DB,PHAL,,,87.900,4
LP,SIBASA,-22,-56,-57,30,26,54,2230CD,PHAL,,,106.900,194
LP,TSHAMAVUDZI,-22,-39,-15,30,31,42,2230DA,PHAL,,,100.500,130
LP,TZANEEN,-23,-47,-6,30,0,17,2330CC,PHAL,,,99.100,116
GP,HEIDELBERG,-26,-29,-19,28,20,48,2628AD,POFM,,,107.200,197
GP,JOHANNESBURG,-26,-11,-31,28,0,26,2628AA,POFM,,,103.600,161
GP,PRETORIA,-25,-41,-21,27,59,2,2527DB,POFM,,,98.700,112
FS,SASOLBURG 2,-26,-48,-59,27,49,50,2627DD,POFM,,,104.400,169
NC,ALEXANDER BAY,-28,-36,-39,16,29,55,2816CB,RAD5,,,92.200,47
FS,BLOEMFONTEIN,-29,-6,-4,26,13,44,2926AA,RAD5,,,91.600,41
WC,CAPE TOWN,-34,-3,-18,18,23,11,3418AB,RAD5,,,89.000,15
MP,DAVEL,-26,-27,-30,29,37,26,2629BC,RAD5,,,90.400,29
KN,DURBAN,-29,-46,-12,30,43,0,2930DC,RAD5,,,89.900,24
KN,DURBAN NORTH,-29,-45,-52,31,2,24,2931CC,RAD5,,,103.800,163
EC,EAST LONDON,-32,-56,-20,27,48,56,3227DD,RAD5,5FM,,88.500,10
WC,GEORGE,-33,-55,-38,22,27,3,3322CD,RAD5,,,91.700,42
EC,GRAHAMSTOWN,-33,-17,-15,26,42,31,3326BC,RAD5,5FM,,90.400,29
GP,HELDERKRUIN,-26,-6,-5,27,51,27,2627BB,RAD5,,,104.000,165
WC,HERMANUS,-34,-24,-48,19,13,18,3419AC,RAD5,,,90.800,33
WC,HOUT BAY,-34,0,-46,18,20,51,3418AB,RAD5,,,87.800,3
GP,JOHANNESBURG,-26,-11,-31,28,0,26,2628AA,RAD5,,,98.000,105
FS,KIMBERLEY,-28,-51,-15,24,54,17,2824DD,RAD5,,,91.000,35
WC,KNYSNA,-34,-4,-17,23,2,31,3423AA,RAD5,,,92.200,47
FS,KROONSTAD,-27,-25,-17,27,11,7,2727AC,RAD5,,,93.400,59
NC,LIME ACRES,-28,-21,-27,23,27,54,2823AD,RAD5,,,104.000,165
MP,MIDDELBURG,-25,-49,-4,29,23,24,2529CD,RAD5,,,97.000,95
MP,NELSPRUIT,-25,-30,-57,30,46,33,2530DB,RAD5,,,91.100,36
WC,OUDTSHOORN,-33,-40,-17,22,16,1,3322CB,RAD5,,,92.600,51
WC,PAARL,-33,-42,-51,18,56,23,3318DB,RAD5,,,88.500,10
KN,PIETERMARITZBURG,-29,-34,-47,30,19,49,2930CB,RAD5,,,100.300,128
EC,PORT ELIZABETH,-33,-56,-10,25,26,27,3325CD,RAD5,5FM,,89.200,17
LP,POTGIETERSRUS,-24,-9,-24,29,14,10,2429AA,RAD5,,,91.400,39
GP,PRETORIA NORTH,-25,-41,-29,28,10,2,2528CA,RAD5,,,89.900,24
MP,ROOSSENEKAL MAPOCHS,-25,-11,-51,29,54,56,2529BB,RAD5,,,102.400,149
WC,SEA POINT,-33,-54,-33,18,23,51,3318CD,RAD5,,,87.700,2
WC,SIMONSTOWN,-34,-11,-55,18,25,36,3418AB,RAD5,,,87.600,1
WC,STELLENBOSCH,-33,-54,-59,18,52,10,3318DD,RAD5,,,87.800,3
GP,SUNNYSIDE,-25,-45,-58,28,12,21,2528CC,RAD5,,,103.600,161
WC,TABLE MOUNTAIN,-33,-57,-26,18,24,11,3318CD,RAD5,,,89.900,24
KN,THE BLUFF,-29,-54,-42,31,0,44,2931CC,RAD5,,,107.400,199
FS,THEUNISSEN,-28,-11,-55,26,34,50,2826BA,RAD5,,,92.500,50
WC,TYGERBERG,-33,-52,-31,18,35,44,3318DC,RAD5,,,88.200,7
WC,VILLIERSDORP,-33,-58,-10,19,30,22,3319DC,RAD5,,,98.300,108
GP,WELVERDIEND,-26,-26,-48,27,14,53,2627AC,RAD5,,,107.300,198
MP,WALBURTON,-26,-7,-32,30,13,9,2630AA,RALP,,,97.800,103
GP,ALEXANDRA,-26,-6,-19,28,6,2,2628AA,RALX,,,89.100,16
WC,ATLANTIS,-33,-34,-8,18,29,24,3318CB,RATL,,,107.900,204
GP,SABC RADIO PARK,-26,-11,-11,28,0,40,2628AA,RAU,,,95.400,79
MP,BUSHBUCKRIDGE,-24,-51,-21,31,6,30,2431CC,RBCR,,,88.400,9
LP,BOTLOKWA,-23,-29,-43,29,43,6,2329CA,RBLW,,,89.300,18
WC,TYGERBERG,-33,-52,-31,18,35,44,3318DC,RBSH,,,89.500,20
EC,PORT ELIZABETH,-33,-56,-10,25,26,27,3325CD,RCBF,,,107.900,204
EC,EAST LONDON,-32,-56,-20,27,48,56,3227DD,RCIS,,,104.100,166
EC,ELANDS HEIGHT,-30,-47,-44,28,7,10,3028CC,RCIS,,,102.900,154
EC,GRAHAMSTOWN,-33,-17,-15,26,42,31,3326BC,RCIS,,,94.500,70
EC,HOLY CROSS,-31,-8,-25,29,29,27,3129BA,RCIS,,,107.800,203
EC,KING WILLIAMS TOWN,-32,-40,-44,27,15,36,3227CB,RCIS,,,89.900,24
EC,NGQELENI,-31,-45,-57,29,7,34,3129CC,RCIS,,,89.300,18
EC,PORT ELIZABETH,-33,-56,-10,25,26,27,3325CD,RCIS,,,91.000,35
EC,QUEENSTOWN,-31,-43,-56,26,47,5,3126DB,RCIS,,,97.800,103
GP,JOHANNESBURG,-26,-11,-31,28,0,26,2628AA,RCLS,,,102.700,152
GP,MIDRAND,-25,-55,-56,28,4,50,2528CC,RCRS,,,1.269,0
WC,KLIPHEUWEL,-33,-42,0,18,42,30,3318DA,RCTK,,,0.567,0
FS,VREDE 1,-27,-44,-2,29,28,43,2729CB,RDBG,,,100.900,134
MP,BALFOUR,-26,-39,-57,28,43,7,2628DA,RDBK,,,107.600,201
KN,THE BLUFF,-29,-54,-42,31,0,44,2931CC,RDYR,,,105.100,176
KN,DONNYBROOK,-29,-54,-56,29,51,19,2929DD,RECR,,,95.900,84
KN,DURBAN,-29,-46,-12,30,43,0,2930DC,RECR,,,94.000,65
KN,DURBAN NORTH,-29,-45,-52,31,2,24,2931CC,RECR,,,95.700,82
KN,ESHOWE,-28,-51,-29,31,17,37,2831CD,RECR,,,96.600,91
KN,GLENCOE,-28,-9,-4,29,56,51,2829BB,RECR,,,96.300,88
KN,GREYTOWN,-29,0,-46,30,32,10,2930BA,RECR,,,94.900,74
KN,KOKSTAD,-30,-36,-42,29,29,24,3029CB,RECR,,,94.200,67
KN,LADYSMITH,-28,-35,-23,29,47,19,2829DB,RECR,,,94.200,67
EC,MATATIELE,-30,-23,-45,28,49,19,3028BD,RECR,,,94.700,72
KN,MOOI RIVER,-29,-11,-7,29,52,4,2929BB,RECR,,,95.400,79
KN,NEWCASTLE,-27,-43,-7,29,57,12,2729DB,RECR,,,96.900,94
KN,PIETERMARITZBURG,-29,-34,-47,30,19,49,2930CB,RECR,,,94.600,71
KN,PORT SHEPSTONE,-30,-44,-8,30,17,18,3030CB,RECR,,,94.500,70
KN,THE BLUFF,-29,-54,-42,31,0,44,2931CC,RECR,,,95.200,77
KN,UBOMBO,-27,-33,-42,32,4,52,2732CA,RECR,,,95.600,81
KN,ULUNDI,-28,-27,0,31,23,38,2831AD,RECR,,,96.100,86
KN,VRYHEID,-27,-44,-27,30,47,38,2730DB,RECR,,,94.400,69
MP,ERMELO,-26,-45,-46,30,7,53,2630CC,RERM,,,104.000,165
GP,LENASIA,-26,-20,-50,27,52,56,2627BD,REWR,,,92.200,47
WC,FISHHOEK,-34,-8,-59,18,26,8,3418AB,RFMR,,,107.900,204
WC,HOUT BAY,-34,0,-46,18,20,51,3418AB,RFMR,,,94.700,72
WC,TABLE MOUNTAIN,-33,-57,-26,18,24,11,3318CD,RFMR,,,97.100,96
WC,TYGERBERG,-33,-52,-31,18,35,44,3318DC,RFMR,,,101.300,138
WC,CAPE TOWN,-34,-3,-18,18,23,11,3418AB,RGHP,,,95.300,78
WC,FRANSCHHOEK,-33,-54,-26,19,4,23,3319CC,RGHP,,,93.900,64
WC,HERMANUS,-34,-24,-48,19,13,18,3419AC,RGHP,,,91.900,44
WC,HOUT BAY,-34,0,-46,18,20,51,3418AB,RGHP,,,94.100,66
WC,PAARL,-33,-42,-51,18,56,23,3318DB,RGHP,,,94.800,73
WC,PLETTENBERG BAY,-34,-3,-34,23,22,25,3423AB,RGHP,,,91.300,38
WC,RIVERSDALE,-34,-1,-8,21,7,39,3421AA,RGHP,,,90.900,34
WC,SEA POINT,-33,-54,-33,18,23,51,3318CD,RGHP,,,96.700,92
WC,SIMONSTOWN,-34,-11,-55,18,25,36,3418AB,RGHP,,,93.900,64
WC,STELLENBOSCH,-33,-54,-59,18,52,10,3318DD,RGHP,,,94.100,66
WC,TABLE MOUNTAIN,-33,-57,-26,18,24,11,3318CD,RGHP,,,95.800,83
WC,TYGERBERG,-33,-52,-31,18,35,44,3318DC,RGHP,,,96.200,87
WC,VILLIERSDORP,-33,-58,-10,19,30,22,3319DC,RGHP,,,90.200,27
MP,MIDDELBURG 1,-25,-40,-2,29,36,51,2529DA,RGMC,,,89.700,22
KN,DURBAN NORTH,-29,-45,-52,31,2,24,2931CC,RHIN,,,91.500,40
KN,PIETERMARITZBURG,-29,-34,-47,30,19,49,2930CB,RHIN,,,102.300,148
WC,GRABOUW,-34,-6,-7,18,58,0,3418BB,RHLD,,,93.600,61
GP,PRETORIA,-25,-45,-50,28,6,30,2528CC,RIIS,,,1.584,0
GP,PRETORIA1,-25,-41,-26,28,10,29,2528CA,RIMP,,,103.000,155
GP,LENASIA,-26,-21,-37,27,53,55,2627BD,RISM,,,1.548,0
GP,VANDERBIJLPARK,-26,-39,-50,27,49,10,2627DB,RISR,,,102.200,147
GP,VANDERBIJLPARK 1,-26,-42,-38,27,51,47,2627DB,RIVR,,,87.600,1
GP,JOHANNESBURG,-26,-11,-31,28,0,26,2628AA,RKAY,,,95.900,84
LP,THABAZIMBI,-24,-27,-59,27,36,51,2427BC,RKBG,,,103.700,162
WC,PAARL,-33,-42,-51,18,56,23,3318DB,RKC,,,107.700,202
NC,ALEXANDER BAY,-28,-36,-39,16,29,55,2816CB,RKFM,,,95.400,79
WC,BEAUFORT WEST,-32,-15,-30,22,30,23,3222BC,RKFM,,,93.900,64
NC,CALVINIA,-31,-23,-3,19,46,56,3119BD,RKFM,,,94.700,72
WC,CAMPS BAY,-33,-56,-37,18,22,44,3318CD,RKFM,,,91.500,40
NC,CARNARVON,-30,-54,-14,22,22,29,3022CD,RKFM,,,95.700,82
WC,CERES,-33,-15,-10,19,27,32,3319AD,RKFM,,,96.900,94
NC,GARIES,-30,-18,-52,18,4,43,3018AC,RKFM,,,93.900,64
WC,GEORGE,-33,-55,-38,22,27,3,3322CD,RKFM,,,94.900,74
WC,GRABOUW,-34,-6,-7,18,58,0,3418BB,RKFM,,,94.900,74
NC,GROOTDERM BAKEN,-28,-25,-11,16,47,13,2816BD,RKFM,,,94.200,67
WC,HERMANUS,-34,-24,-48,19,13,18,3419AC,RKFM,,,94.000,65
WC,HEXRIVIER,-33,-30,-54,19,39,23,3319DA,RKFM,,,95.200,77
WC,HOUT BAY,-34,0,-46,18,20,51,3418AB,RKFM,,,100.100,126
WC,KLEINMOND,-34,-23,-22,19,8,28,3419AC,RKFM,,,97.100,96
WC,KNYSNA,-34,-4,-17,23,2,31,3423AA,RKFM,,,95.400,79
WC,LADISMITH (CAPE),-33,-37,-55,21,25,18,3321CB,RKFM,,,94.600,71
WC,MATJIESFONTEIN,-33,-16,-52,20,30,20,3320BC,RKFM,,,96.000,85
WC,MONTAGU,-33,-47,-16,20,8,35,3320CC,RKFM,,,97.100,96
WC,NAPIER,-34,-31,-46,19,53,32,3419DB,RKFM,,,95.600,81
WC,OUDTSHOORN,-33,-40,-17,22,16,1,3322CB,RKFM,,,95.800,83
WC,PIKETBERG,-32,-49,-9,18,44,17,3218DC,RKFM,,,94.300,68
NC,POFADDER,-29,-14,-31,18,56,22,2918BB,RKFM,,,96.000,85
WC,RIVERSDALE,-34,-1,-8,21,7,39,3421AA,RKFM,,,94.100,66
NC,SPRINGBOK,-29,-35,-4,17,48,27,2917DB,RKFM,,,94.800,73
WC,STELLENBOSCH,-33,-54,-59,18,52,10,3318DD,RKFM,,,107.200,197
WC,TYGERBERG,-33,-52,-31,18,35,44,3318DC,RKFM,,,94.500,70
WC,VANRHYNSDORP,-31,-45,-17,18,41,22,3118DC,RKFM,,,96.600,91
WC,VILLIERSDORP,-33,-58,-10,19,30,22,3319DC,RKFM,,,96.500,90
EC,BUTTERWORTH,-32,-16,-35,28,12,24,3228AC,RKHY,,,106.100,186
WC,SIMONSTOWN,-34,-11,-55,18,25,36,3418AB,RKPU,,,90.700,32
LP,VERENA,-25,-35,-20,28,56,39,2528DB,RKRS,,,92.800,53
KN,ESHOWE,-28,-51,-29,31,17,37,2831CD,RKWZ,,,107.700,202
KN,GREYTOWN,-29,0,-46,30,32,10,2930BA,RKWZ,,,90.500,30
NW,LETLHABILE,-25,-37,-30,27,48,25,2527DB,RLET,,,99.500,120
EC,EAST LONDON,-32,-56,-20,27,48,56,3227DD,RLFM,,,97.100,96
EC,KING WILLIAMS TOWN,-32,-40,-44,27,15,36,3227CB,RLFM,,,92.100,46
NW,LICHTENBURG,-26,-15,-36,26,17,14,2626AD,RLTB,,,102.200,147
MP,NELSPRUIT,-25,-30,-57,30,46,33,2530DB,RLVD,,,100.500,130
KN,UBOMBO,-27,-33,-42,32,4,52,2732CA,RMAP,,,107.600,201
WC,STELLENBOSCH 1,-33,-55,-54,18,52,15,3318DD,RMFM,,,92.600,51
GP,BRITS,-25,-42,-40,27,53,15,2527CD,RMGB,,,106.600,191
LP,MOHODI,-23,-19,-27,29,13,51,2329AC,RMHD,,,98.800,113
LP,SESHEGO,-23,-45,-47,29,18,28,2329CD,RMLS,,,98.600,111
MP,GROBLERSDAL,-25,-15,-48,29,12,32,2529AC,RMSC,,,96.300,88
FS,SENEKAL,-28,-15,-19,27,30,26,2827BC,RNAL,,,103.900,164
LP,NABOOMSPRUIT,-24,-31,-10,28,42,50,2428DA,RNBS,,,92.200,47
,MASERU,-29,-21,0,27,35,0,2921BC,RNCS,,,99.800,123
NC,SPRINGBOK,-29,-35,-4,17,48,27,2917DB,RNFM,,,98.100,106
WC,VANRHYNSDORP,-31,-45,-17,18,41,22,3118DC,RNQL,,,93.400,59
NW,KLERKSDORP,-26,-45,-15,26,24,28,2626CD,RNWR,,,97.000,95
NW,MMABATHO,-25,-50,-22,25,36,46,2525DC,RNWR,,,91.800,43
NW,POTCHEFSTROOM,-26,-43,-17,27,4,16,2627CA,RNWR,,,99.400,119
NW,RUSTENBURG,-25,-36,-59,27,7,5,2527CA,RNWR,,,89.800,23
NW,SCHWEIZER RENEKE,-27,-8,-13,25,13,7,2725AA,RNWR,,,97.300,98
NW,TAUNG,-27,-31,-47,24,37,26,2724DA,RNWR,,,91.900,44
NW,ZEERUST,-25,-51,-37,26,2,51,2526CC,RNWR,,,93.500,60
FS,THEUNISSEN,-28,-11,-55,26,34,50,2826BA,ROCK,,,90.900,34
FS,BLOEMFONTEIN2,-29,-3,-29,26,11,48,2926AA,ROSE,,,100.600,131
GP,BEDFORDVIEW,-26,-9,0,28,7,53,2628AA,RPHV,,,1.422,0
GP,MEYERTON,-26,-35,-1,28,10,13,2628CA,RPLP,,,0.657,0
MP,LYDENBURG 1,-25,-23,-58,30,3,36,2530AA,RPRD,,,99.300,118
GP,BRONKHORSTSPRUIT,-25,-48,-25,28,30,5,2528DC,RPTA,,,104.200,167
FS,BETHLEHEM,-28,-14,-10,28,29,58,2828AB,RQWA,,,87.600,1
FS,WITSIESHOEK,-28,-31,-4,28,50,49,2828DB,RQWA,,,100.300,128
GP,ROODEPOORT1,-26,-9,-14,27,51,45,2627BA,RRCC,,,90.700,32
GP,SPRINGS,-26,-15,-3,28,21,17,2628AD,RRER,,,93.900,64
NC,UPINGTON ROSEDALE,-28,-26,-53,21,14,39,2821AC,RRVS,,,98.200,107
WC,AGTER-WITZENBERG,-33,-14,0,19,17,14,3319AB,RSGR,,,88.800,13
NC,ALEXANDER BAY,-28,-36,-39,16,29,55,2816CB,RSGR,,,102.200,147
EC,ALIWAL NORTH,-30,-47,-5,26,34,0,3026DC,RSGR,RSG,,101.700,142
EC,ANDRIESKRAAL,-33,-46,-42,24,42,35,3324DC,RSGR,RSG,,103.200,157
NC,ANDRIESVALE,-26,-55,-54,20,39,24,2620DC,RSGR,,,96.200,87
NC,ASKHAM,-27,0,-2,20,47,37,2720BB,RSGR,,,103.100,156
NC,AUGRABIES,-28,-39,-28,20,27,30,2820CB,RSGR,,,100.900,134
EC,BARKLY EAST,-30,-51,-30,27,26,0,3027CD,RSGR,RSG,,100.900,134
WC,BEAUFORT WEST,-32,-15,-30,22,30,23,3222BC,RSGR,,,100.700,132
EC,BEDFORD,-32,-37,-57,26,2,57,3226CA,RSGR,RSG,,100.800,133
FS,BETHLEHEM,-28,-14,-10,28,29,58,2828AB,RSGR,,,101.900,144
FS,BETHULIE,-30,-29,-32,25,58,27,3025BD,RSGR,,,104.000,165
WC,BETTYSBAAI,-34,-22,-25,18,53,42,3418BD,RSGR,,,100.200,127
FS,BLOEMFONTEIN,-29,-6,-4,26,13,44,2926AA,RSGR,,,103.000,155
FS,BOESMANSKOP,-30,0,-29,27,12,53,3027AA,RSGR,,,101.200,137
NC,BRANDVLEI,-30,-27,-28,20,29,14,3020AD,RSGR,,,93.600,61
EC,BURGERSDORP,-31,0,-2,26,20,21,3126AB,RSGR,RSG,,103.900,164
EC,BUTTERWORTH,-32,-16,-35,28,12,24,3228AC,RSGR,RSG,,101.100,136
EC,CALA,-31,-33,-15,27,45,2,3127DB,RSGR,RSG,,103.400,159
WC,CALEDON,-34,-13,-3,19,25,32,3419AB,RSGR,,,98.900,114
WC,CALITZDORP,-33,-32,-12,21,41,25,3321DA,RSGR,,,100.000,125
NC,CALVINIA,-31,-23,-3,19,46,56,3119BD,RSGR,,,101.500,140
WC,CAPE TOWN,-34,-3,-18,18,23,11,3418AB,RSGR,,,102.100,146
NC,CARNARVON,-30,-54,-14,22,22,29,3022CD,RSGR,,,102.500,150
MP,CAROLINA,-26,-10,-37,30,37,57,2630BA,RSGR,,,103.000,155
WC,CERES,-33,-15,-10,19,27,32,3319AD,RSGR,,,103.700,162
NW,CHRISTIANA,-27,-53,-3,24,55,50,2724DD,RSGR,,,103.600,161
NC,COLESBERG,-30,-42,-30,25,3,28,3025CA,RSGR,,,103.800,163
EC,CRADOCK,-32,-18,-1,25,32,27,3225BC,RSGR,RSG,,102.700,152
MP,DAVEL,-26,-27,-30,29,37,26,2629BC,RSGR,,,103.500,160
NC,DE AAR,-30,-27,-50,23,59,13,3023BD,RSGR,,,102.000,145
KN,DONNYBROOK,-29,-54,-56,29,51,19,2929DD,RSGR,,,102.700,152
NC,DOUGLAS,-29,-4,-9,23,31,43,2923BA,RSGR,,,102.900,154
MP,DULLSTROOM,-25,-34,-21,30,11,17,2530CA,RSGR,,,100.800,133
KN,DURBAN,-29,-46,-12,30,43,0,2930DC,RSGR,,,100.800,133
KN,DURBAN NORTH,-29,-45,-52,31,2,24,2931CC,RSGR,,,102.500,150
EC,EAST LONDON,-32,-56,-20,27,48,56,3227DD,RSGR,RSG,,101.600,141
NC,EKSTEENFONTEIN,-28,-49,-21,17,15,12,2817CD,RSGR,,,106.000,185
EC,ELLIOT,-31,-10,-36,27,51,57,3127BB,RSGR,RSG,,101.400,139
NW,ENZELSBERG,-25,-25,-7,26,13,16,2526AC,RSGR,,,101.600,141
KN,ESHOWE,-28,-51,-29,31,17,37,2831CD,RSGR,,,103.400,159
NW,FAANS GROVE,-27,-5,-59,22,24,18,2722AB,RSGR,,,103.000,155
FS,FICKSBURG TOWN,-28,-52,-38,27,51,25,2827DD,RSGR,,,103.700,162
WC,FRANSCHHOEK,-33,-54,-26,19,4,23,3319CC,RSGR,,,100.700,132
NC,GARIES,-30,-18,-52,18,4,43,3018AC,RSGR,,,100.700,132
WC,GENADENDAL,-34,-2,-17,19,33,8,3419BA,RSGR,,,103.800,163
WC,GEORGE,-33,-55,-38,22,27,3,3322CD,RSGR,,,101.700,142
KN,GLENCOE,-28,-9,-4,29,56,51,2829BB,RSGR,,,103.100,156
WC,GLENTANA,-34,-2,-56,22,16,50,3422AB,RSGR,,,101.200,137
EC,GRAAFF-REINET,-32,-4,-48,24,27,0,3224AB,RSGR,RSG,,103.300,158
WC,GRABOUW,-34,-6,-7,18,58,0,3418BB,RSGR,,,101.700,142
EC,GRAHAMSTOWN,-33,-17,-15,26,42,31,3326BC,RSGR,RSG,,103.500,160
KN,GREYTOWN,-29,0,-46,30,32,10,2930BA,RSGR,,,101.700,142
NW,GROOT MARICO,-25,-37,-11,26,26,8,2526CB,RSGR,,,102.300,148
NC,GROOTDERM BAKEN,-28,-25,-11,16,47,13,2816BD,RSGR,,,101.000,135
WC,HAARLEM,-33,-42,-56,23,11,58,3323CA,RSGR,,,105.900,184
EC,HANKEY,-33,-49,-52,24,52,12,3324DD,RSGR,RSG,,101.000,135
GP,HEIDELBERG,-26,-29,-19,28,20,48,2628AD,RSGR,,,100.800,133
WC,HERBERTSDALE,-34,0,-48,21,46,10,3421BB,RSGR,,,103.800,163
WC,HERMANUS,-34,-24,-48,19,13,18,3419AC,RSGR,,,100.800,133
WC,HEXRIVIER,-33,-30,-54,19,39,23,3319DA,RSGR,,,102.000,145
MP,HOEDSPRUIT,-24,-32,-30,30,52,8,2430DB,RSGR,,,102.000,145
EC,HOFMEYER,-31,-39,-13,25,48,30,3125DB,RSGR,RSG,,101.900,144
WC,HOUT BAY,-34,0,-46,18,20,51,3418AB,RSGR,,,100.900,134
EC,JANSENVILLE,-32,-56,-20,24,40,5,3224DC,RSGR,RSG,,100.200,127
GP,JOHANNESBURG,-26,-11,-31,28,0,26,2628AA,RSGR,,,101.500,140
EC,JOUBERTINA,-33,-49,-15,23,52,17,3323DD,RSGR,RSG,,102.000,145
NC,KAKAMAS,-28,-46,-40,20,36,37,2820DC,RSGR,,,103.700,162
EC,KAREEDOUW,-34,-1,-29,24,25,48,3424AB,RSGR,RSG,,102.900,154
EC,KAREEDOUW LP,-33,-57,-5,24,18,15,3324CD,RSGR,RSG,,107.400,199
NC,KEIMOES,-28,-43,0,20,59,50,2820DB,RSGR,,,101.300,138
NC,KENHARDT,-29,-20,-50,21,9,50,2921AC,RSGR,,,93.400,59
FS,KIMBERLEY,-28,-51,-15,24,54,17,2824DD,RSGR,,,101.000,135
EC,KING WILLIAMS TOWN,-32,-40,-44,27,15,36,3227CB,RSGR,RSG,,103.000,155
WC,KLAARSTROOM,-33,-19,-58,22,31,39,3322BC,RSGR,,,100.400,129
WC,KLEINMOND,-34,-23,-22,19,8,28,3419AC,RSGR,,,104.200,167
NW,KLERKSDORP,-26,-45,-15,26,24,28,2626CD,RSGR,,,101.200,137
EC,KLIPPLAAT,-33,-1,-1,24,20,27,3324AB,RSGR,RSG,,93.700,62
WC,KNYSNA,-34,-4,-17,23,2,31,3423AA,RSGR,,,102.200,147
KN,KOKSTAD,-30,-36,-42,29,29,24,3029CB,RSGR,,,101.000,135
EC,KRAKEELRIVIER,-33,-48,-49,23,43,30,3323DC,RSGR,RSG,,92.300,48
FS,KROONSTAD,-27,-25,-17,27,11,7,2727AC,RSGR,,,103.400,159
NC,KURUMAN HILLS,-27,-53,-13,23,33,38,2723DC,RSGR,,,102.400,149
WC,LADISMITH (CAPE),-33,-37,-55,21,25,18,3321CB,RSGR,,,101.400,139
FS,LADYBRAND,-29,-10,-18,27,22,42,2927AB,RSGR,,,102.100,146
KN,LADYSMITH,-28,-35,-23,29,47,19,2829DB,RSGR,,,101.000,135
WC,LEEU-GAMKA,-32,-46,-12,21,58,8,3221DD,RSGR,,,100.300,128
LP,LEEUPOORT,-24,-55,-22,27,38,50,2427DC,RSGR,,,99.400,119
NC,LEKKERSING,-29,0,-4,17,5,56,2917AA,RSGR,,,98.900,114
LP,LOUIS TRICHARDT,-23,0,-2,29,45,26,2329BB,RSGR,,,100.700,132
EC,LOUTERWATER,-33,-45,-1,23,31,9,3323DC,RSGR,RSG,,98.800,113
MP,LYDENBURG,-25,-6,-20,30,26,3,2530AB,RSGR,,,102.800,153
EC,MATATIELE,-30,-23,-45,28,49,19,3028BD,RSGR,RSG,,101.500,140
WC,MATJIESFONTEIN,-33,-16,-52,20,30,20,3320BC,RSGR,,,102.800,153
GP,MENLO PARK,-25,-46,-16,28,16,5,2528CD,RSGR,,,102.100,146
WC,MERWEVILLE,-32,-40,-9,21,30,28,3221DA,RSGR,,,101.100,136
MP,MIDDELBURG,-25,-49,-4,29,23,24,2529CD,RSGR,,,101.800,143
NC,MIER,-26,-45,-50,20,20,26,2620CD,RSGR,,,102.700,152
WC,MONTAGU,-33,-47,-16,20,8,35,3320CC,RSGR,,,104.200,167
KN,MOOI RIVER,-29,-11,-7,29,52,4,2929BB,RSGR,,,102.200,147
EC,MOUNT AYLIFF,-30,-50,-11,29,23,41,3029CD,RSGR,RSG,,103.200,157
WC,NAPIER,-34,-31,-46,19,53,32,3419DB,RSGR,,,102.400,149
WC,NATURE'S VALLEY,-33,-58,24,23,34,28,3334DC,RSGR,,,103.700,162
WC,NELSPOORT,-32,-6,-36,23,2,5,3223AA,RSGR,,,101.500,140
MP,NELSPRUIT,-25,-30,-57,30,46,33,2530DB,RSGR,,,102.500,150
NC,NOENIEPUT,-27,-48,-50,20,8,35,2720CA,RSGR,,,105.900,184
KN,NONGOMA,-27,-54,-18,31,39,27,2731DC,RSGR,,,102.900,154
EC,NOUPOORT,-31,-18,-14,24,56,1,3124BD,RSGR,RSG,,101.400,139
LP,NYLSTROOM,-24,-47,-58,28,25,59,2428CD,RSGR,,,102.900,154
WC,OUDTSHOORN,-33,-40,-17,22,16,1,3322CB,RSGR,,,102.600,151
WC,PAARL,-33,-42,-51,18,56,23,3318DB,RSGR,,,101.600,141
EC,PARSONS HILL,-33,-57,-11,25,35,19,3325DC,RSGR,RSG,,101.000,135
EC,PATENSIE,-33,-45,-35,24,49,42,3324DD,RSGR,RSG,,101.500,140
EC,PAUL SAUER DAM,-33,-45,-13,24,33,43,3324DC,RSGR,RSG,,103.600,161
EC,PEARSTON,-32,-35,-12,25,8,17,3225CA,RSGR,RSG,,100.400,129
FS,PETRUS STEYN,-27,-31,9,28,19,6,2728CB,RSGR,,,102.300,148
NW,PIET PLESSIS,-26,-14,-56,24,49,55,2624BB,RSGR,,,102.800,153
MP,PIET RETIEF,-27,-1,-11,30,41,3,2730BA,RSGR,,,102.100,146
KN,PIETERMARITZBURG,-29,-34,-47,30,19,49,2930CB,RSGR,,,101.400,139
WC,PIKETBERG,-32,-49,-9,18,44,17,3218DC,RSGR,,,101.100,136
WC,PLETTENBERG BAY,-34,-3,-34,23,22,25,3423AB,RSGR,,,100.800,133
NC,POFADDER,-29,-14,-31,18,56,22,2918BB,RSGR,,,102.800,153
NW,POMFRET,-25,-49,-52,23,34,44,2523DC,RSGR,,,101.100,136
EC,PORT ELIZABETH,-33,-56,-10,25,26,27,3325CD,RSGR,RSG,,102.300,148
KN,PORT SHEPSTONE,-30,-44,-8,30,17,18,3030CB,RSGR,,,101.300,138
EC,PORT ST JOHNS,-31,-36,-39,29,31,39,3129DA,RSGR,RSG,,103.700,162
LP,POTGIETERSRUS,-24,-9,-24,29,14,10,2429AA,RSGR,,,101.400,139
GP,PRETORIA,-25,-41,-21,27,59,2,2527DB,RSGR,,,101.000,135
NC,PRIESKA,-29,-40,-52,22,36,57,2922DA,RSGR,,,100.800,133
WC,PRINCE ALBERT,-33,-14,-7,22,1,48,3322AB,RSGR,,,101.200,137
EC,QUEENSTOWN,-31,-43,-56,26,47,5,3126DB,RSGR,RSG,,102.200,147
EC,RHODES,-30,-48,-9,27,57,36,3027DD,RSGR,RSG,,98.400,109
NC,RICHMOND NC,-31,-24,-52,23,57,5,3123BD,RSGR,,,92.800,53
NC,RIEMVASMAAK,-28,-27,-36,20,19,47,2820AD,RSGR,,,100.500,130
NC,RIETFONTEIN,-26,-44,-47,20,6,15,2620CA,RSGR,,,101.400,139
WC,RIVERSDALE,-34,-1,-8,21,7,39,3421AA,RSGR,,,100.900,134
MP,ROOSSENEKAL MAPOCHS,-25,-11,-51,29,54,56,2529BB,RSGR,,,92.400,49
NW,RUSTENBURG,-25,-36,-59,27,7,5,2527CA,RSGR,,,100.700,132
MP,SABIE,-25,-7,-46,30,45,35,2530BB,RSGR,,,104.200,167
WC,SALDANHA,-33,0,-11,17,55,55,3317BB,RSGR,,,99.300,118
NC,SANDDRIF,-28,-25,-33,16,46,46,2816AD,RSGR,,,97.500,100
WC,SANDHILLS,-33,-31,-4,19,33,31,3319DA,RSGR,,,93.900,64
NW,SCHWEIZER RENEKE,-27,-8,-13,25,13,7,2725AA,RSGR,,,103.100,156
WC,SEA POINT,-33,-54,-33,18,23,51,3318CD,RSGR,,,103.500,160
NC,SENDELINGSDRIF,-28,-7,-30,16,53,48,2816BB,RSGR,,,106.000,185
FS,SENEKAL,-28,-15,-19,27,30,26,2827BC,RSGR,,,101.100,136
WC,SIMONSTOWN,-34,-11,-55,18,25,36,3418AB,RSGR,,,100.700,132
NC,SPRINGBOK,-29,-35,-4,17,48,27,2917DB,RSGR,,,101.600,141
FS,SPRINGFONTEIN,-30,-16,-14,25,46,8,3025BD,RSGR,,,102.600,151
WC,STELLENBOSCH,-33,-54,-59,18,52,10,3318DD,RSGR,,,100.900,134
EC,STEYTLERVILLE,-33,-19,0,24,20,40,3324AD,RSGR,RSG,,100.200,127
NC,SUTHERLAND,-32,-23,-28,20,39,59,3220BC,RSGR,,,102.000,145
EC,SUURBERG,-33,-14,-55,25,34,27,3325BA,RSGR,RSG,,101.800,143
WC,TABLE MOUNTAIN,-33,-57,-26,18,24,11,3318CD,RSGR,,,102.600,151
LP,THABAZIMBI,-24,-27,-59,27,36,51,2427BC,RSGR,,,101.900,144
KN,THE BLUFF,-29,-54,-42,31,0,44,2931CC,RSGR,,,102.000,145
FS,THEUNISSEN,-28,-11,-55,26,34,50,2826BA,RSGR,,,102.500,150
LP,TOLWE,-23,-4,-59,28,27,29,2328AB,RSGR,,,102.300,148
LP,TSHIKONDENI VENDA,-22,-31,-31,30,55,41,2230DB,RSGR,,,103.400,159
WC,TYGERBERG,-33,-52,-31,18,35,44,3318DC,RSGR,,,103.000,155
LP,TZANEEN,-23,-47,-6,30,0,17,2330CC,RSGR,,,102.600,151
KN,UBOMBO,-27,-33,-42,32,4,52,2732CA,RSGR,,,102.400,149
EC,UGIE,-31,-11,-28,27,58,26,3127BB,RSGR,RSG,,102.600,151
EC,UMTATA,-31,-35,-48,28,44,36,3128DA,RSGR,RSG,,102.000,145
KN,UNDERBERG,-29,-48,-27,29,30,13,2929DC,RSGR,,,107.900,204
WC,UNIONDALE,-33,-43,-24,23,3,2,3323CA,RSGR,,,103.400,159
NC,UPINGTON,-28,-52,-58,21,44,11,2821DC,RSGR,,,101.700,142
NC,VAN ZYLSRUS,-26,-52,-50,22,2,52,2622CC,RSGR,,,100.400,129
WC,VANRHYNSDORP,-31,-45,-17,18,41,22,3118DC,RSGR,,,103.400,159
NC,VANWYKSVLEI,-30,-21,-15,21,49,16,3021BD,RSGR,,,97.800,103
NC,VICTORIA WEST,-31,-41,-15,23,13,50,3123CA,RSGR,,,101.100,136
WC,VILLIERSDORP,-33,-58,-10,19,30,22,3319DC,RSGR,,,103.300,158
MP,VOLKSRUST,-27,-18,-33,29,53,15,2729BD,RSGR,,,102.600,151
NC,VOSBURG,-30,-34,-33,22,52,26,3022BD,RSGR,,,96.400,89
NC,VREDESVALLEI,-28,-30,-10,20,11,1,2820CA,RSGR,,,101.400,139
KN,VRYHEID,-27,-44,-27,30,47,38,2730DB,RSGR,,,101.200,137
NC,WELKOM NC,-26,-32,-51,20,36,30,2620DA,RSGR,,,102.200,147
GP,WELVERDIEND,-26,-26,-48,27,14,53,2627AC,RSGR,,,102.000,145
NC,WILLISTON,-31,-19,-30,20,55,4,3120BD,RSGR,,,103.200,157
EC,WILLOWMORE,-33,-14,-5,23,27,36,3323AB,RSGR,RSG,,101.200,137
FS,WITSIESHOEK,-28,-31,-4,28,50,49,2828DB,RSGR,,,101.300,138
WC,WUPPERTAL,-32,-16,-48,19,12,47,3219AC,RSGR,,,102.300,148
NW,ZEERUST,-25,-51,-37,26,2,51,2526CC,RSGR,,,102.600,151
GP,SOSHANGUVE,-25,-30,-53,28,6,24,2528CA,RSHG,,,93.000,55
WC,GEORGE 1,-33,-57,-35,22,27,20,3322CD,RSKS,,,107.800,203
WC,OUDTSHOORN 1,-33,-35,-32,22,12,12,3322CA,RSKS,,,104.100,166
KN,PORT SHEPSTONE,-30,-44,-8,30,17,18,3030CB,RSS,,,97.000,95
WC,TYGERBERG,-33,-52,-31,18,35,44,3318DC,RTHY,,,104.000,165
NW,KOSTER,-25,-56,-25,26,43,42,2526DC,RTKP,,,107.500,200
NC,KIMBERLEY 1,-28,-44,-34,24,46,3,2824DB,RTMG,,,89.100,16
GP,MARKS PARK,-26,-9,-37,28,0,11,2628AA,RTOD,,,1.485,0
LP,PIETERSBURG,-23,-53,-13,29,44,18,232DC,RTRF,,,103.800,163
GP,SUNNYSIDE,-25,-45,-58,28,12,21,2528CC,RTUK,,,107.200,197
WC,CAPE TOWN1,-33,-57,-30,18,27,45,3327CD,RUCT,,,104.500,170
LP,SIBASA,-22,-56,-57,30,26,54,2230CD,RUNI,,,99.800,123
EC,UMTATA,-31,-35,-48,28,44,36,3128DA,RUOT,,,97.000,95
GP,VEREENIGING,-26,-40,-43,27,54,42,2627DB,RVAL,,,90.600,31
GP,MEYERTON,-26,-35,-1,28,10,13,2628CA,RVER,,,0.576,0
NC,KURUMAN 1,-27,-36,0,23,23,0,2723CB,RVHD,,,107.400,199
NC,WARRENTON,-28,-7,-58,24,50,40,2824BB,RVHD,,,102.700,152
FS,HENNENMAN,-27,-54,-6,27,1,54,2727CC,RVLK,,,107.600,201
WC,FISHHOEK,-34,-8,-59,18,26,8,3418AB,RVOC,,,89.800,23
WC,HOUT BAY,-34,0,-46,18,20,51,3418AB,RVOC,,,90.900,34
WC,PAARL,-33,-42,-51,18,56,23,3318DB,RVOC,,,95.800,83
WC,TYGERBERG,-33,-52,-31,18,35,44,3318DC,RVOC,,,91.300,38
WC,WORCESTER,-33,-37,-30,19,28,9,3319CB,RVOC,,,95.800,83
EC,CALA,-31,-33,-15,27,45,2,3127DB,RVUK,,,99.900,124
EC,CRADOCK,-32,-18,-1,25,32,27,3225BC,RVUK,,,98.400,109
EC,QUEENSTOWN,-31,-43,-56,26,47,5,3126DB,RVUK,,,90.600,31
NC,KIMBERLEY 2,-28,-44,-15,24,45,46,2824DB,RVVL,,,92.700,52
LP,HAENERTSBURG 1,-23,-59,-54,29,56,48,2329DD,RWBG,,,96.600,91
EC,LADY GREY,-30,-42,-22,27,12,58,3027CA,RWIT,,,104.400,169
NW,RUSTENBURG 1,-25,-37,-5,27,11,7,2527CA,RWST,,,93.400,59
LP,POTGIETERSRUS 1,-24,-5,-32,29,11,17,2429AA,RYBG,,,100.000,125
GP,JOHANNESBURG,-26,-11,-31,28,0,26,2628AA,RYFM,,,99.200,117
WC,KHAYELITSHA,-34,-2,-34,18,40,36,3418BA,RZBL,,,98.200,107
NC,ALEXANDER BAY,-28,-36,-39,16,29,55,2816CB,SAFM,,,105.800,183
EC,ALICEDALE,-33,-19,-28,26,5,49,3326AC,SAFM,SAFM,,104.900,174
EC,ALIWAL NORTH,-30,-47,-5,26,34,0,3026DC,SAFM,SAFM,,105.300,178
EC,ANDRIESKRAAL,-33,-46,-42,24,42,35,3324DC,SAFM,SAFM,,106.800,193
EC,BARKLY EAST,-30,-51,-30,27,26,0,3027CD,SAFM,SAFM,,104.500,170
WC,BEAUFORT WEST,-32,-15,-30,22,30,23,3222BC,SAFM,,,104.300,168
EC,BEDFORD,-32,-37,-57,26,2,57,3226CA,SAFM,SAFM,,104.400,169
FS,BETHLEHEM,-28,-14,-10,28,29,58,2828AB,SAFM,,,105.500,180
WC,BETTYSBAAI,-34,-22,-25,18,53,42,3418BD,SAFM,,,103.700,162
FS,BLOEMFONTEIN,-29,-6,-4,26,13,44,2926AA,SAFM,,,106.600,191
FS,BOESMANSKOP,-30,0,-29,27,12,53,3027AA,SAFM,,,104.800,173
EC,BURGERSDORP,-31,0,-2,26,20,21,3126AB,SAFM,SAFM,,107.600,201
EC,BUTTERWORTH,-32,-16,-35,28,12,24,3228AC,SAFM,SAFM,,104.700,172
EC,CALA,-31,-33,-15,27,45,2,3127DB,SAFM,SAFM,,107.000,195
NC,CALVINIA,-31,-23,-3,19,46,56,3119BD,SAFM,,,105.100,176
WC,CAPE TOWN,-34,-3,-18,18,23,11,3418AB,SAFM,,,105.700,182
NC,CARNARVON,-30,-54,-14,22,22,29,3022CD,SAFM,,,106.100,186
MP,CAROLINA,-26,-10,-37,30,37,57,2630BA,SAFM,,,106.600,191
WC,CERES,-33,-15,-10,19,27,32,3319AD,SAFM,,,107.300,198
NW,CHRISTIANA,-27,-53,-3,24,55,50,2724DD,SAFM,,,107.200,197
NC,COLESBERG,-30,-42,-30,25,3,28,3025CA,SAFM,,,107.500,200
EC,CRADOCK,-32,-18,-1,25,32,27,3225BC,SAFM,SAFM,,106.300,188
MP,DAVEL,-26,-27,-30,29,37,26,2629BC,SAFM,,,107.100,196
NC,DE AAR,-30,-27,-50,23,59,13,3023BD,SAFM,,,105.600,181
KN,DONNYBROOK,-29,-54,-56,29,51,19,2929DD,SAFM,,,106.300,188
NC,DOUGLAS,-29,-4,-9,23,31,43,2923BA,SAFM,,,106.500,190
MP,DULLSTROOM,-25,-34,-21,30,11,17,2530CA,SAFM,,,104.400,169
KN,DURBAN,-29,-46,-12,30,43,0,2930DC,SAFM,,,104.400,169
KN,DURBAN NORTH,-29,-45,-52,31,2,24,2931CC,SAFM,,,106.100,186
EC,EAST LONDON,-32,-56,-20,27,48,56,3227DD,SAFM,SAFM,,105.200,177
EC,ELLIOT,-31,-10,-36,27,51,57,3127BB,SAFM,SAFM,,105.000,175
NW,ENZELSBERG,-25,-25,-7,26,13,16,2526AC,SAFM,,,105.200,177
KN,ESHOWE,-28,-51,-29,31,17,37,2831CD,SAFM,,,107.000,195
NW,FAANS GROVE,-27,-5,-59,22,24,18,2722AB,SAFM,,,106.600,191
FS,FICKSBURG TOWN,-28,-52,-38,27,51,25,2827DD,SAFM,,,107.300,198
WC,FRANSCHHOEK,-33,-54,-26,19,4,23,3319CC,SAFM,,,104.300,168
NC,GARIES,-30,-18,-52,18,4,43,3018AC,SAFM,,,104.300,168
WC,GEORGE,-33,-55,-38,22,27,3,3322CD,SAFM,,,105.300,178
KN,GLENCOE,-28,-9,-4,29,56,51,2829BB,SAFM,,,106.700,192
EC,GRAAFF-REINET,-32,-4,-48,24,27,0,3224AB,SAFM,SAFM,,106.900,194
WC,GRABOUW,-34,-6,-7,18,58,0,3418BB,SAFM,,,105.300,178
EC,GRAHAMSTOWN,-33,-17,-15,26,42,31,3326BC,SAFM,SAFM,,107.100,196
KN,GREYTOWN,-29,0,-46,30,32,10,2930BA,SAFM,,,105.300,178
NW,GROOT MARICO,-25,-37,-11,26,26,8,2526CB,SAFM,,,105.900,184
EC,HANKEY,-33,-49,-52,24,52,12,3324DD,SAFM,SAFM,,104.600,171
GP,HEIDELBERG,-26,-29,-19,28,20,48,2628AD,SAFM,,,104.400,169
WC,HERMANUS,-34,-24,-48,19,13,18,3419AC,SAFM,,,104.400,169
WC,HEXRIVIER,-33,-30,-54,19,39,23,3319DA,SAFM,,,105.600,181
MP,HOEDSPRUIT,-24,-32,-30,30,52,8,2430DB,SAFM,,,105.600,181
WC,HOUT BAY,-34,0,-46,18,20,51,3418AB,SAFM,,,104.500,170
GP,JOHANNESBURG,-26,-11,-31,28,0,26,2628AA,SAFM,,,105.100,176
EC,KAREEDOUW,-34,-1,-29,24,25,48,3424AB,SAFM,SAFM,,106.500,190
FS,KIMBERLEY,-28,-51,-15,24,54,17,2824DD,SAFM,,,104.600,171
EC,KING WILLIAMS TOWN,-32,-40,-44,27,15,36,3227CB,SAFM,SAFM,,106.600,191
WC,KLEINMOND,-34,-23,-22,19,8,28,3419AC,SAFM,,,107.900,204
NW,KLERKSDORP,-26,-45,-15,26,24,28,2626CD,SAFM,,,104.800,173
WC,KNYSNA,-34,-4,-17,23,2,31,3423AA,SAFM,,,105.800,183
KN,KOKSTAD,-30,-36,-42,29,29,24,3029CB,SAFM,,,104.600,171
FS,KROONSTAD,-27,-25,-17,27,11,7,2727AC,SAFM,,,107.000,195
NC,KURUMAN HILLS,-27,-53,-13,23,33,38,2723DC,SAFM,,,106.000,185
WC,LADISMITH (CAPE),-33,-37,-55,21,25,18,3321CB,SAFM,,,105.000,175
FS,LADYBRAND,-29,-10,-18,27,22,42,2927AB,SAFM,,,105.700,182
KN,LADYSMITH,-28,-35,-23,29,47,19,2829DB,SAFM,,,104.600,171
LP,LOUIS TRICHARDT,-23,0,-2,29,45,26,2329BB,SAFM,,,104.300,168
MP,LYDENBURG,-25,-6,-20,30,26,3,2530AB,SAFM,,,106.400,189
EC,MACLEAR LP,-31,-5,-6,28,21,53,3128AB,SAFM,SAFM,,105.900,184
EC,MATATIELE,-30,-23,-45,28,49,19,3028BD,SAFM,SAFM,,105.100,176
WC,MATJIESFONTEIN,-33,-16,-52,20,30,20,3320BC,SAFM,,,106.400,189
GP,MENLO PARK,-25,-46,-16,28,16,5,2528CD,SAFM,,,105.700,182
MP,MIDDELBURG,-25,-49,-4,29,23,24,2529CD,SAFM,,,105.400,179
WC,MONTAGU,-33,-47,-16,20,8,35,3320CC,SAFM,,,107.900,204
KN,MOOI RIVER,-29,-11,-7,29,52,4,2929BB,SAFM,,,105.800,183
EC,MOUNT AYLIFF,-30,-50,-11,29,23,41,3029CD,SAFM,SAFM,,106.800,193
WC,NAPIER,-34,-31,-46,19,53,32,3419DB,SAFM,,,106.000,185
MP,NELSPRUIT,-25,-30,-57,30,46,33,2530DB,SAFM,,,106.100,186
KN,NONGOMA,-27,-54,-18,31,39,27,2731DC,SAFM,,,106.500,190
EC,NOUPOORT,-31,-18,-14,24,56,1,3124BD,SAFM,SAFM,,105.000,175
LP,NYLSTROOM,-24,-47,-58,28,25,59,2428CD,SAFM,,,106.500,190
WC,OUDTSHOORN,-33,-40,-17,22,16,1,3322CB,SAFM,,,106.200,187
WC,PAARL,-33,-42,-51,18,56,23,3318DB,SAFM,,,105.200,177
EC,PARSONS HILL,-33,-57,-11,25,35,19,3325DC,SAFM,SAFM,,104.600,171
EC,PATENSIE,-33,-45,-35,24,49,42,3324DD,SAFM,SAFM,,105.000,175
EC,PAUL SAUER DAM,-33,-45,-13,24,33,43,3324DC,SAFM,SAFM,,107.200,197
FS,PETRUS STEYN,-27,-31,9,28,19,6,2728CB,SAFM,,,105.900,184
NW,PIET PLESSIS,-26,-14,-56,24,49,55,2624BB,SAFM,,,106.400,189
MP,PIET RETIEF,-27,-1,-11,30,41,3,2730BA,SAFM,,,105.700,182
KN,PIETERMARITZBURG,-29,-34,-47,30,19,49,2930CB,SAFM,,,105.000,175
WC,PIKETBERG,-32,-49,-9,18,44,17,3218DC,SAFM,,,104.700,172
WC,PLETTENBERG BAY,-34,-3,-34,23,22,25,3423AB,SAFM,,,104.400,169
NC,POFADDER,-29,-14,-31,18,56,22,2918BB,SAFM,,,106.400,189
NW,POMFRET,-25,-49,-52,23,34,44,2523DC,SAFM,,,104.700,172
EC,PORT ELIZABETH,-33,-56,-10,25,26,27,3325CD,SAFM,SAFM,,105.900,184
KN,PORT SHEPSTONE,-30,-44,-8,30,17,18,3030CB,SAFM,,,104.900,174
EC,PORT ST JOHNS,-31,-36,-39,29,31,39,3129DA,SAFM,SAFM,,107.300,198
LP,POTGIETERSRUS,-24,-9,-24,29,14,10,2429AA,SAFM,,,105.000,175
GP,PRETORIA,-25,-41,-21,27,59,2,2527DB,SAFM,,,104.600,171
NC,PRIESKA,-29,-40,-52,22,36,57,2922DA,SAFM,,,104.400,169
EC,QUEENSTOWN,-31,-43,-56,26,47,5,3126DB,SAFM,SAFM,,105.800,183
WC,RIVERSDALE,-34,-1,-8,21,7,39,3421AA,SAFM,,,104.500,170
MP,ROOSSENEKAL MAPOCHS,-25,-11,-51,29,54,56,2529BB,SAFM,,,95.600,81
NW,RUSTENBURG,-25,-36,-59,27,7,5,2527CA,SAFM,,,104.300,168
MP,SABIE,-25,-7,-46,30,45,35,2530BB,SAFM,,,107.900,204
NW,SCHWEIZER RENEKE,-27,-8,-13,25,13,7,2725AA,SAFM,,,106.700,192
WC,SEA POINT,-33,-54,-33,18,23,51,3318CD,SAFM,,,107.100,196
FS,SENEKAL,-28,-15,-19,27,30,26,2827BC,SAFM,,,104.700,172
WC,SIMONSTOWN,-34,-11,-55,18,25,36,3418AB,SAFM,,,104.300,168
NC,SPRINGBOK,-29,-35,-4,17,48,27,2917DB,SAFM,,,105.200,177
FS,SPRINGFONTEIN,-30,-16,-14,25,46,8,3025BD,SAFM,,,106.200,187
WC,STELLENBOSCH,-33,-54,-59,18,52,10,3318DD,SAFM,,,104.500,170
EC,SUURBERG,-33,-14,-55,25,34,27,3325BA,SAFM,SAFM,,105.400,179
WC,TABLE MOUNTAIN,-33,-57,-26,18,24,11,3318CD,SAFM,,,106.200,187
LP,THABAZIMBI,-24,-27,-59,27,36,51,2427BC,SAFM,,,105.500,180
KN,THE BLUFF,-29,-54,-42,31,0,44,2931CC,SAFM,,,105.600,181
FS,THEUNISSEN,-28,-11,-55,26,34,50,2826BA,SAFM,,,106.100,186
LP,TOLWE,-23,-4,-59,28,27,29,2328AB,SAFM,,,105.900,184
LP,TSHIKONDENI VENDA,-22,-31,-31,30,55,41,2230DB,SAFM,,,107.000,195
WC,TYGERBERG,-33,-52,-31,18,35,44,3318DC,SAFM,,,106.600,191
LP,TZANEEN,-23,-47,-6,30,0,17,2330CC,SAFM,,,106.200,187
KN,UBOMBO,-27,-33,-42,32,4,52,2732CA,SAFM,,,106.000,185
EC,UGIE,-31,-11,-28,27,58,26,3127BB,SAFM,SAFM,,106.200,187
EC,UMTATA,-31,-35,-48,28,44,36,3128DA,SAFM,SAFM,,105.600,181
WC,UNIONDALE,-33,-43,-24,23,3,2,3323CA,SAFM,,,107.000,195
NC,UPINGTON,-28,-52,-58,21,44,11,2821DC,SAFM,,,105.300,178
WC,VANRHYNSDORP,-31,-45,-17,18,41,22,3118DC,SAFM,,,107.000,195
NC,VICTORIA WEST,-31,-41,-15,23,13,50,3123CA,SAFM,,,104.700,172
WC,VILLIERSDORP,-33,-58,-10,19,30,22,3319DC,SAFM,,,106.900,194
MP,VOLKSRUST,-27,-18,-33,29,53,15,2729BD,SAFM,,,106.200,187
KN,VRYHEID,-27,-44,-27,30,47,38,2730DB,SAFM,,,104.800,173
GP,WELVERDIEND,-26,-26,-48,27,14,53,2627AC,SAFM,,,105.600,181
EC,WILLOWMORE,-33,-14,-5,23,27,36,3323AB,SAFM,SAFM,,104.800,173
FS,WITSIESHOEK,-28,-31,-4,28,50,49,2828DB,SAFM,,,104.900,174
NW,ZEERUST,-25,-51,-37,26,2,51,2526CC,SAFM,,,106.200,187
EC,PORT ST JOHNS,-31,-36,-39,29,31,39,3129DA,SAJO,,,88.500,10
EC,ALIWAL NORTH,-30,-47,-5,26,34,0,3026DC,SEDI,Lesedi FM,,88.600,11
EC,BARKLY EAST,-30,-51,-30,27,26,0,3027CD,SEDI,Lesedi FM,,94.100,66
FS,BETHLEHEM,-28,-14,-10,28,29,58,2828AB,SEDI,,,88.800,13
FS,BLOEMFONTEIN,-29,-6,-4,26,13,44,2926AA,SEDI,,,89.900,24
FS,BOESMANSKOP,-30,0,-29,27,12,53,3027AA,SEDI,,,88.100,6
EC,CALA,-31,-33,-15,27,45,2,3127DB,SEDI,Lesedi FM,,90.300,28
MP,DAVEL,-26,-27,-30,29,37,26,2629BC,SEDI,,,88.200,7
NC,DOUGLAS,-29,-4,-9,23,31,43,2923BA,SEDI,,,88.300,8
KN,DURBAN,-29,-46,-12,30,43,0,2930DC,SEDI,,,106.600,191
FS,FICKSBURG TOWN,-28,-52,-38,27,51,25,2827DD,SEDI,,,90.600,31
GP,HEIDELBERG,-26,-29,-19,28,20,48,2628AD,SEDI,,,87.700,2
FS,HOBHOUSE,-29,-30,-23,27,8,57,2927CA,SEDI,,,101.800,143
FS,JAGERSFONTEIN,-29,-45,-23,25,25,47,2925DD,SEDI,,,88.200,7
GP,JOHANNESBURG,-26,-11,-31,28,0,26,2628AA,SEDI,,,88.400,9
FS,KIMBERLEY,-28,-51,-15,24,54,17,2824DD,SEDI,,,99.800,123
NW,KLERKSDORP,-26,-45,-15,26,24,28,2626CD,SEDI,,,92.900,54
FS,KROONSTAD,-27,-25,-17,27,11,7,2727AC,SEDI,,,90.300,28
FS,LADYBRAND,-29,-10,-18,27,22,42,2927AB,SEDI,,,89.000,15
LP,LOUIS TRICHARDT,-23,0,-2,29,45,26,2329BB,SEDI,,,90.000,25
EC,MATATIELE,-30,-23,-45,28,49,19,3028BD,SEDI,Lesedi FM,,88.400,9
FS,MEMEL LP,-27,-41,-58,29,34,14,2729DA,SEDI,,,102.900,154
NW,MMABATHO,-25,-50,-22,25,36,46,2525DC,SEDI,,,98.300,108
FS,PAUL ROUX,-28,-18,-35,27,56,40,2827BD,SEDI,,,90.500,30
FS,PETRUS STEYN,-27,-31,9,28,19,6,2728CB,SEDI,,,89.200,17
FS,SENEKAL,-28,-15,-19,27,30,26,2827BC,SEDI,,,88.000,5
FS,SPRINGFONTEIN,-30,-16,-14,25,46,8,3025BD,SEDI,,,89.500,20
FS,THABA NCHU,-29,-15,-24,26,45,45,2926BD,SEDI,,,87.800,3
FS,THEUNISSEN,-28,-11,-55,26,34,50,2826BA,SEDI,,,89.400,19
FS,VILLIERS,-27,-2,-8,28,36,57,2728BA,SEDI,,,97.400,99
MP,VOLKSRUST,-27,-18,-33,29,53,15,2729BD,SEDI,,,94.100,66
FS,VREDE LP,-27,-24,-57,29,9,1,2729AC,SEDI,,,87.800,3
GP,WELVERDIEND,-26,-26,-48,27,14,53,2627AC,SEDI,,,88.900,14
FS,WITSIESHOEK,-28,-31,-4,28,50,49,2828DB,SEDI,,,88.200,7
FS,FICKSBURG TOWN,-28,-52,-38,27,51,25,2827DD,SETS,,,93.700,62
KN,EMPANGENI,-28,-44,-38,31,53,31,2831DB,SHIN,,,104.000,165
LP,TZANEEN,-23,-47,-6,30,0,17,2330CC,SOET,,,100.300,128
,NSSF BLDG NAIROBI,-1,-17,-24,36,48,44,,SRFM,,,94.700,72
,NSSF BLDG NAIROBI,-1,-17,-24,36,48,44,,SRTV,,,575.250,34
KN,DURBAN,-29,-46,-12,30,43,0,2930DC,SSFM,,,107.200,197
NW,KLERKSDORP,-26,-45,-15,26,24,28,2626CD,STAR,,,102.900,154
EC,GRAHAMSTOWN,-33,-17,-15,26,42,31,3326BC,SUNS,,,106.100,186
GP,JOHANNESBURG,-26,-11,-31,28,0,26,2628AA,SWET,,,711.250,51
,BULEMBU,-25,-54,-40,31,9,9,2531CC,SWFM,,,103.300,158
,BULEMBU,-25,-54,-40,31,9,9,2531CC,SWFM,,,106.900,194
,HLATIKULU,-26,-57,-36,31,19,49,2613CD,SWFM,,,87.600,1
,HLATIKULU,-26,-57,-36,31,19,49,2613CD,SWFM,,,93.900,64
,HLATIKULU,-26,-57,-36,31,19,49,2613CD,SWFM,,,97.200,97
,HLATIKULU,-26,-57,-36,31,19,49,2613CD,SWFM,,,100.700,132
,HLATIKULU,-26,-57,-36,31,19,49,2613CD,SWFM,,,90.700,32
,HLATIKULU,-26,-57,-36,31,19,49,2613CD,SWFM,,,104.300,168
,KELLY HILL,-26,-18,-4,31,5,37,2631AC,SWFM,,,88.500,10
,KELLY HILL,-26,-18,-4,31,5,37,2631AC,SWFM,,,91.600,41
,KELLY HILL,-26,-18,-4,31,5,37,2631AC,SWFM,,,105.200,177
,LUKHONDZE,-25,-51,-34,31,24,43,2531CD,SWFM,,,100.600,131
,LUKHONDZE,-25,-51,-34,31,24,43,2531CD,SWFM,,,104.200,167
,MANZINI,-26,-29,-2,31,25,40,2631AD,SWFM,,,89.200,17
,MANZINI,-26,-29,-2,31,25,40,2631AD,SWFM,,,92.300,48
,MAQUDLWINI,-26,-40,-25,30,58,55,2630DB,SWFM,,,87.900,4
,MAQUDLWINI,-26,-40,-25,30,58,55,2630DB,SWFM,,,91.000,35
,MAQUDLWINI,-26,-40,-25,30,58,55,2630DB,SWFM,,,94.200,67
,MAQUDLWINI,-26,-40,-25,30,58,55,2630DB,SWFM,,,97.500,100
,NTONDOZI,-26,-37,-6,31,10,2,2631CA,SWFM,,,100.300,128
,NTONDOZI,-26,-37,-6,31,10,2,2631CA,SWFM,,,107.500,200
,SITEKI,-26,-29,-14,31,57,40,2631BD,SWFM,,,90.200,27
,SITEKI,-26,-29,-14,31,57,40,2631BD,SWFM,,,93.300,58
,SITEKI,-26,-29,-14,31,57,40,2631BD,SWFM,,,96.500,90
,SITEKI,-26,-29,-14,31,57,40,2631BD,SWFM,,,99.800,123
,BULEMBU,-25,-54,-40,31,9,9,2531CC,SWT1,,,743.250,55
,HLATIKULU,-26,-57,-36,31,19,49,2613CD,SWT1,,,487.250,23
,MACUDVULWINI,-26,-39,-31,30,54,7,2630DB,SWT1,,,687.250,48
,MAYIWANE,-25,-51,-4,31,31,57,2531DC,SWT1,,,815.250,64
,MBABANE,-26,-20,-4,31,8,39,2631AC,SWT1,,,615.250,39
,MDZIMBA,-26,-23,-12,31,15,47,2631AD,SWT1,,,807.250,63
,MNYOKANE,-26,-7,-30,31,11,37,2631AA,SWT1,,,543.250,30
,MOZANE,-27,-10,-24,31,10,54,2731AA,SWT1,,,623.250,40
,NKONDOLO,-27,-11,-43,31,45,43,2731BB,SWT1,,,495.250,24
,NTONDOZI,-26,-37,-6,31,10,2,2631CA,SWT1,,,471.250,21
,PHIKITI,-26,-4,-9,31,58,15,2631BB,SWT1,,,479.250,22
,SITEKI,-26,-29,-14,31,57,40,2631BD,SWT1,,,855.250,69
,BULEMBU,-25,-54,-40,31,9,9,2531CC,SWT2,,,775.250,59
,HLATIKULU,-26,-57,-36,31,19,49,2613CD,SWT2,,,519.250,27
,MACUDVULWINI,-26,-39,-31,30,54,7,2630DB,SWT2,,,719.250,52
,MAYIWANE,-25,-51,-4,31,31,57,2531DC,SWT2,,,847.250,68
,MBABANE,-26,-20,-4,31,8,39,2631AC,SWT2,,,647.250,43
,MDZIMBA,-26,-23,-12,31,15,47,2631AD,SWT2,,,839.250,67
,MNYOKANE,-26,-7,-30,31,11,37,2631AA,SWT2,,,575.250,34
,MOZANE,-27,-10,-24,31,10,54,2731AA,SWT2,,,655.250,44
,NKONDOLO,-27,-11,-43,31,45,43,2731BB,SWT2,,,527.250,28
,NTONDOZI,-26,-37,-6,31,10,2,2631CA,SWT2,,,503.250,25
,PHIKITI,-26,-4,-9,31,58,15,2631BB,SWT2,,,511.250,26
,SITEKI,-26,-29,-14,31,57,40,2631BD,SWT2,,,567.250,33
,HLATIKULU,-26,-57,-36,31,19,49,2613CD,SWT3,,,551.250,31
,MBABANE,-26,-20,-4,31,8,39,2631AC,SWT3,,,679.250,47
,NTONDOZI,-26,-37,-6,31,10,2,2631CA,SWT3,,,535.250,29
,HLATIKULU,-26,-57,-36,31,19,49,2613CD,SWT4,,,583.250,35
,MBABANE,-26,-20,-4,31,8,39,2631AC,SWT4,,,711.250,51
,BULEMBU,-25,-54,-40,31,9,9,2531CC,SWT5,,,215.250,9
,SITEKI,-26,-29,-14,31,57,40,2631BD,SWT5,,,175.250,4
,SITEKI,-26,-29,-14,31,57,40,2631BD,SWT6,,,199.250,7
,SITEKI,-26,-29,-14,31,57,40,2631BD,SWT7,,,223.250,10
EC,BUTTERWORTH,-32,-16,-35,28,12,24,3228AC,TBNC,,,503.250,25
EC,MOUNT AYLIFF,-30,-50,-11,29,23,41,3029CD,TBNC,,,519.250,27
EC,NGANGELIZWE,-31,-37,-15,28,48,31,3128DB,TBNC,,,711.250,51
EC,PORT ALFRED,-33,-36,0,26,53,14,3326DB,TBNC,,,759.250,57
EC,PORT ST JOHNS,-31,-36,-39,29,31,39,3129DA,TBNC,,,823.250,65
EC,UMTATA,-31,-35,-48,28,44,36,3128DA,TBNC,,,839.250,67
EC,WINDYRIDGE,-32,-45,-10,27,14,5,3227CC,TBNC,,,495.250,24
GP,JOHANNESBURG,-26,-11,-31,28,0,26,2628AA,TDMB,,,239.200,0
GP,TEMBISA,-26,-1,-23,28,11,18,2628AB,TEMB,,,87.600,1
LP,TAFELKOP,-25,-11,-8,29,45,1,2529BB,THAB,,,91.000,35
EC,ALIWAL NORTH,-30,-47,-5,26,34,0,3026DC,TKLN,,,98.200,107
GP,TSHWANE UNIVERSITY OF TECHN,-25,-43,-40,28,9,30,2528CA,TOPS,,,93.600,61
LP,HAENERTSBURG,-23,-59,-54,29,56,48,2329DD,TSHE,,,94.100,66
GP,SOSHANGUVE 1,-25,-32,-16,28,5,55,2528CA,TUT,,,96.200,87
,ADJANGOTE,5,43,28,0,-14,-4,,TVAF,,,189.250,7
KN,ULUNDI,-28,-27,0,31,23,38,2831AD,UBUH,,,97.000,95
KN,PORT SHEPSTONE,-30,-44,-8,30,17,18,3030CB,UGU,,,93.400,59
KN,ULUNDI,-28,-27,0,31,23,38,2831AD,ULUN,,,89.000,15
GP,BENONI,-26,-12,-40,28,19,54,2628AB,UNIT,,,95.100,76
KN,EMPANGENI,-28,-44,-38,31,53,31,2831DB,UTHU,,,105.000,175
LP,PUNDA MARIA,-22,-43,-28,30,59,19,2230DB,VHEM,,,102.400,149
KN,DURBAN NORTH,-29,-45,-52,31,2,24,2931CC,VIBE,,,94.700,72
NW,MORETELETSE,-25,-17,-48,26,42,12,2526BC,VILL,,,99.800,123
NW,TAUNG,-27,-31,-47,24,37,26,2724DA,VLTR,,,93.600,61
KN,DONNYBROOK,-29,-54,-56,29,51,19,2929DD,VUMA,,,105.500,180
KN,DURBAN,-29,-46,-12,30,43,0,2930DC,VUMA,,,103.000,155
KN,ESHOWE,-28,-51,-29,31,17,37,2831CD,VUMA,,,89.200,17
KN,GLENCOE,-28,-9,-4,29,56,51,2829BB,VUMA,,,104.200,167
KN,NEWCASTLE,-27,-43,-7,29,57,12,2729DB,VUMA,,,105.600,181
GP,VANDERBIJLPARK 1,-26,-42,-38,27,51,47,2627DB,VUT,,,96.900,94
LP,VUWANI,23,7,43,30,25,11,2330AB,VUWA,,,88.700,12
MP,CAROLINA,-26,-10,-37,30,37,57,2630BA,WALA,,,93.000,55
MP,DAVEL,-26,-27,-30,29,37,26,2629BC,WALA,,,91.300,38
MP,DULLSTROOM,-25,-34,-21,30,11,17,2530CA,WALA,,,90.800,33
MP,EKULINDENI,-26,-3,-18,31,0,46,2631AA,WALA,,,91.600,41
MP,HECTORSPRUIT,-25,-28,-47,31,36,20,2531BC,WALA,,,87.700,2
MP,HOEDSPRUIT,-24,-32,-30,30,52,8,2430DB,WALA,,,104.000,165
MP,JOSEPHSDAL,-25,-56,-36,31,7,6,2531CC,WALA,,,98.100,106
MP,LYDENBURG,-25,-6,-20,30,26,3,2530AB,WALA,,,92.800,53
MP,MBUZINI,-25,-52,-26,31,54,53,2531DD,WALA,,,93.700,62
MP,MIDDELBURG,-25,-49,-4,29,23,24,2529CD,WALA,,,103.800,163
MP,NELSPRUIT,-25,-30,-57,30,46,33,2530DB,WALA,,,92.500,50
MP,NHLABA,-26,-4,-28,31,0,2,2631AA,WALA,,,101.600,141
MP,PIET RETIEF,-27,-1,-11,30,41,3,2730BA,WALA,,,90.300,28
GP,PRETORIA,-25,-41,-21,27,59,2,2527DB,WALA,,,89.300,18
MP,SABIE,-25,-7,-46,30,45,35,2530BB,WALA,,,104.900,174
MP,STEYNSDORP,-26,-7,-48,30,59,43,2630BB,WALA,,,88.500,10
MP,TJAKASTAD,-25,-58,-51,30,48,32,2530DD,WALA,,,93.800,63
KN,UBOMBO,-27,-33,-42,32,4,52,2732CA,WALA,,,103.500,160
MP,VOLKSRUST,-27,-18,-33,29,53,15,2729BD,WALA,,,89.500,20
MP,WAKKERSTROOM,-27,-20,-28,30,9,43,2730AC,WALA,,,90.600,31
LP,GA-MABULA,-23,-37,-26,27,58,15,2327DB,WATR,,,99.300,118
EC,EAST LONDON,-32,-56,-20,27,48,56,3227DD,WCFM,,,98.600,111
WC,PIKETBERG,-32,-49,-9,18,44,17,3218DC,WEST,,,92.300,48
MP,DAVEL,-26,-27,-30,29,37,26,2629BC,WEZI,,,94.500,70
MP,DULLSTROOM,-25,-34,-21,30,11,17,2530CA,WEZI,,,107.700,202
GP,JOHANNESBURG,-26,-11,-31,28,0,26,2628AA,WEZI,,,106.300,188
MP,KWAMHLANGA,-25,-26,-22,28,30,49,2528BC,WEZI,,,93.800,63
MP,MIDDELBURG,-25,-49,-4,29,23,24,2529CD,WEZI,,,91.800,43
MP,NELSPRUIT,-25,-30,-57,30,46,33,2530DB,WEZI,,,96.800,93
LP,NYLSTROOM,-24,-47,-58,28,25,59,2428CD,WEZI,,,90.600,31
LP,POTGIETERSRUS,-24,-9,-24,29,14,10,2429AA,WEZI,,,104.100,166
GP,PRETORIA,-25,-41,-21,27,59,2,2527DB,WEZI,,,96.800,93
WC,CERES,-33,-15,-10,19,27,32,3319AD,WITZ,,,105.900,184
FS,KIMBERLEY,-28,-51,-15,24,54,17,2824DD,XKFM," XK FM
","Community radio station for the Khoi and San people, with programming in the !Xun and Khwe languages.",107.900,204